NOME_MUNICIPIO,UF,Valor_Medio_Pago,Etiqueta_Classificacao
SAO MARTINHO,RS,596.8639455782313,Baixo Repasse
BOA VENTURA DE SAO ROQUE,PR,635.7075351213282,Baixo Repasse
NONOAI,RS,691.988309352518,Alto Repasse
IRACEMA,RR,721.1075193253689,Alto Repasse
PALMITOS,SC,647.4444444444445,Baixo Repasse
ENGENHO VELHO,RS,741.364238410596,Alto Repasse
VILA NOVA DOS MARTIRIOS,MA,703.8004778972521,Alto Repasse
TUMIRITINGA,MG,645.9087523277467,Baixo Repasse
CURIONOPOLIS,PA,690.280358598207,Alto Repasse
VITORIA DO MEARIM,MA,694.5820287018917,Alto Repasse
PAU DOS FERROS,RN,645.670480549199,Baixo Repasse
ITACAJA,TO,720.3638554216867,Alto Repasse
TAMBORIL,CE,680.0889470241988,Alto Repasse
BARROS CASSAL,RS,623.7312925170068,Baixo Repasse
PIRACEMA,MG,648.9911504424779,Baixo Repasse
CORRENTES,PE,680.9374680959673,Alto Repasse
PORTO MURTINHO,MS,710.6738562091504,Alto Repasse
PARISI,SP,599.4952830188679,Baixo Repasse
ALFREDO VASCONCELOS,MG,622.1135029354208,Baixo Repasse
SAO LUIZ GONZAGA,RS,681.6232114467408,Alto Repasse
IRAPURU,SP,638.3137254901961,Baixo Repasse
POMPEIA,SP,648.0016129032258,Baixo Repasse
CONFINS,MG,589.2635135135135,Baixo Repasse
BURITI BRAVO,MA,703.1115777940103,Alto Repasse
ITAPIRANGA,SC,690.3735632183908,Alto Repasse
NOVO REPARTIMENTO,PA,716.4744466145834,Alto Repasse
PLANALTO,RS,684.5902192242833,Alto Repasse
BOM JARDIM DE MINAS,MG,628.3627167630058,Baixo Repasse
CAICARA,RS,683.5546448087432,Alto Repasse
BANDEIRANTES,MS,691.6379974326059,Alto Repasse
SAO JOAO DO PARAISO,MG,640.8742655699177,Baixo Repasse
VERA CRUZ DO OESTE,PR,608.0287539936103,Baixo Repasse
OURO BRANCO,RN,649.0862573099415,Baixo Repasse
ENTRE RIOS DE MINAS,MG,649.6729797979798,Baixo Repasse
JAPORA,MS,715.5032938076416,Alto Repasse
GUAPORE,RS,695.3997194950912,Alto Repasse
ITAPARICA,BA,641.2287917737789,Baixo Repasse
FEIRA NOVA DO MARANHAO,MA,712.3935527199462,Alto Repasse
BURITI ALEGRE,GO,690.5275938189845,Alto Repasse
BOM JESUS DO NORTE,ES,650.1761006289308,Baixo Repasse
NOVA ESPERANCA DO PIRIA,PA,695.0442366480848,Alto Repasse
CRUZEIRO DO SUL,AC,726.1905401773716,Alto Repasse
SAO RAIMUNDO DO DOCA BEZERRA,MA,718.1381847914963,Alto Repasse
MONTE ALEGRE DOS CAMPOS,RS,699.4549549549549,Alto Repasse
MADRE DE DEUS DE MINAS,MG,631.0617283950618,Baixo Repasse
BARRA DO GUARITA,RS,689.9066666666666,Alto Repasse
ITABERA,SP,640.0752475247525,Baixo Repasse
SANTA HELENA DE GOIAS,GO,695.9771148344912,Alto Repasse
SALTO GRANDE,SP,643.3238636363636,Baixo Repasse
ANTAS,BA,649.0737404070737,Baixo Repasse
RUSSAS,CE,646.6508191778069,Baixo Repasse
TORRE DE PEDRA,SP,649.9666666666667,Baixo Repasse
REGENTE FEIJO,SP,650.7848244620611,Baixo Repasse
PALOTINA,PR,627.3458371454711,Baixo Repasse
SAO PAULO DO POTENGI,RN,648.3835877862596,Baixo Repasse
VARJAO,GO,639.3323262839879,Baixo Repasse
TERRA NOVA,BA,626.0982048574446,Baixo Repasse
NAZARENO,MG,626.6950672645739,Baixo Repasse
TURVANIA,GO,622.0367231638418,Baixo Repasse
MINDURI,MG,649.0477611940298,Baixo Repasse
SALVADOR DAS MISSOES,RS,579.7727272727273,Baixo Repasse
PEDERNEIRAS,SP,638.3364442370508,Baixo Repasse
LAMBARI D'OESTE,MT,681.1977818853974,Alto Repasse
FERNANDES PINHEIRO,PR,649.4411764705883,Baixo Repasse
VARRE-SAI,RJ,693.6467751657625,Alto Repasse
PARNARAMA,MA,708.63195785777,Alto Repasse
CAXINGO,PI,680.3272727272728,Alto Repasse
JAQUEIRA,PE,647.2272215973003,Baixo Repasse
SAO SEBASTIAO DO PASSE,BA,641.7156398104265,Baixo Repasse
DOIS IRMAOS,RS,647.790273556231,Baixo Repasse
CAATIBA,BA,640.0290519877676,Baixo Repasse
CONTAGEM,MG,647.8798261142358,Baixo Repasse
ACEGUA,RS,689.3446327683616,Alto Repasse
MATAO,SP,642.1103008204193,Baixo Repasse
JOVIANIA,GO,646.6377358490566,Baixo Repasse
TAQUARITUBA,SP,628.5936794582393,Baixo Repasse
PROTASIO ALVES,RS,737.1363636363636,Alto Repasse
BURI,SP,680.0428805237316,Alto Repasse
JURANDA,PR,645.666,Baixo Repasse
AGRONOMICA,SC,713.4342105263158,Alto Repasse
CURRALINHO,PA,773.1560894141829,Alto Repasse
PALMELO,GO,625.377990430622,Baixo Repasse
GUAIBA,RS,690.8162046908316,Alto Repasse
LADARIO,MS,726.5521564694083,Alto Repasse
RIO BONITO DO IGUACU,PR,682.4080287597363,Alto Repasse
FELICIO DOS SANTOS,MG,649.6079182630907,Baixo Repasse
EDEIA,GO,631.339226519337,Baixo Repasse
HUMAITA,RS,682.2089552238806,Alto Repasse
PALMEIRAS,BA,686.3943387018057,Alto Repasse
RAFAEL GODEIRO,RN,630.6227106227107,Baixo Repasse
TUCURUI,PA,688.3425464807436,Alto Repasse
ROLIM DE MOURA,RO,650.9416826003824,Baixo Repasse
SAO PEDRO DOS CRENTES,MA,698.7317813765183,Alto Repasse
IRACEMINHA,SC,722.7822580645161,Alto Repasse
PERITORO,MA,700.9182187968315,Alto Repasse
NOVA LIMA,MG,637.8454608454608,Baixo Repasse
PAULINO NEVES,MA,736.7776917118513,Alto Repasse
LAGOA,PB,650.6780155642024,Baixo Repasse
LAGARTO,SE,639.1619860499266,Baixo Repasse
VARZEA DA ROCA,BA,643.1215168055156,Baixo Repasse
JARDINOPOLIS,SC,721.4133333333333,Alto Repasse
CARLINDA,MT,641.614481409002,Baixo Repasse
PIO XII,MA,694.806140523519,Alto Repasse
IRETAMA,PR,640.5573964497041,Baixo Repasse
ITA,SC,687.4088235294117,Alto Repasse
LAVRAS DO SUL,RS,688.1095890410959,Alto Repasse
BOCA DO ACRE,AM,707.9130068988726,Alto Repasse
EREBANGO,RS,695.5823863636364,Alto Repasse
PARARI,PB,650.5019455252918,Baixo Repasse
PUTINGA,RS,638.4848484848485,Baixo Repasse
MONDAI,SC,590.4736842105264,Baixo Repasse
VARGEAO,SC,610.6582278481013,Baixo Repasse
TUNAS,RS,649.3333333333334,Baixo Repasse
SAO PEDRO DO BUTIA,RS,621.3934426229508,Baixo Repasse
JEQUITIBA,MG,648.1986863711002,Baixo Repasse
PEROLA D'OESTE,PR,635.7029288702929,Baixo Repasse
LAGO VERDE,MA,705.666149068323,Alto Repasse
BELA VISTA DO TOLDO,SC,631.3833780160858,Baixo Repasse
PAO DE ACUCAR,AL,683.9477391501931,Alto Repasse
AGUIA BRANCA,ES,690.1967545638945,Alto Repasse
NOVO AIRAO,AM,730.9241486068112,Alto Repasse
PIRANGUCU,MG,650.3644859813085,Baixo Repasse
CAPOEIRAS,PE,685.2535460992908,Alto Repasse
BALNEARIO GAIVOTA,SC,689.556179775281,Alto Repasse
MURUTINGA DO SUL,SP,645.6232294617564,Baixo Repasse
ARAPORA,MG,684.1345755693582,Alto Repasse
APORE,GO,688.9452887537994,Alto Repasse
TOMBOS,MG,640.1530190239868,Baixo Repasse
PLACIDO DE CASTRO,AC,691.5143796220214,Alto Repasse
DOURADOS,MS,682.438483495572,Alto Repasse
ARIRANHA,SP,617.8609271523179,Baixo Repasse
CAMPO VERDE,MT,644.1547911547912,Baixo Repasse
TEODORO SAMPAIO,BA,623.2359382777502,Baixo Repasse
NOVA OLINDA DO MARANHAO,MA,714.4620235024362,Alto Repasse
MOTUCA,SP,635.7428571428571,Baixo Repasse
CAIBI,SC,646.2777777777778,Baixo Repasse
IBIRACI,MG,699.6082578046324,Alto Repasse
PETROLANDIA,SC,691.3061224489796,Alto Repasse
ALVARENGA,MG,641.9655712050078,Baixo Repasse
SEVERIANO DE ALMEIDA,RS,683.2931034482758,Alto Repasse
ROCA SALES,RS,682.2760416666666,Alto Repasse
ITAPECERICA,MG,619.6197424892704,Baixo Repasse
SAO FIDELIS,RJ,637.3870283018867,Baixo Repasse
FORMOSA DA SERRA NEGRA,MA,698.5681615681616,Alto Repasse
ANTONIO CARLOS,MG,648.2497616777883,Baixo Repasse
SAO PEDRO DO SUACUI,MG,636.482163406214,Baixo Repasse
MARAA,AM,823.3019150209456,Alto Repasse
JARDINOPOLIS,SP,694.543165467626,Alto Repasse
AJURICABA,RS,634.7850162866449,Baixo Repasse
VIRGINOPOLIS,MG,593.6738197424893,Baixo Repasse
UBAJARA,CE,683.7241222070223,Alto Repasse
GOVERNADOR CELSO RAMOS,SC,686.9945115257958,Alto Repasse
SANTA ROSA DE VITERBO,SP,647.5626767200754,Baixo Repasse
UNIFLOR,PR,629.9225352112676,Baixo Repasse
AGUA CLARA,MS,699.5478589420655,Alto Repasse
IPIXUNA DO PARA,PA,710.793739867814,Alto Repasse
CATU,BA,635.9893689651809,Baixo Repasse
SANTO ANTONIO DE JESUS,BA,641.9701712521056,Baixo Repasse
HIDROLANDIA,GO,690.1990888382688,Alto Repasse
SAO VALENTIM,RS,597.5227272727273,Baixo Repasse
PIUMA,ES,685.1644710578843,Alto Repasse
CONDE,PB,681.8648158228997,Alto Repasse
ITABELA,BA,680.1433054393306,Alto Repasse
SILVEIRAS,SP,689.7836363636363,Alto Repasse
SAO GERALDO DO ARAGUAIA,PA,694.2997481108313,Alto Repasse
AGUA COMPRIDA,MG,718.9104477611941,Alto Repasse
ALMAS,TO,681.6092475067996,Alto Repasse
CACHOEIRA DE PAJEU,MG,641.4508021390375,Baixo Repasse
IRAPUA,SP,689.9047619047619,Alto Repasse
JOAO CAMARA,RN,684.2507946117754,Alto Repasse
BARRA DO TURVO,SP,685.8697872340425,Alto Repasse
ANTONIO PRADO DE MINAS,MG,620.28,Baixo Repasse
VALE REAL,RS,700.2028985507246,Alto Repasse
BOA HORA,PI,680.8742718446601,Alto Repasse
PALMOPOLIS,MG,640.3530465949821,Baixo Repasse
GOVERNADOR NUNES FREIRE,MA,709.5637792019847,Alto Repasse
LAGOINHA DO PIAUI,PI,684.5131147540984,Alto Repasse
GUIRICEMA,MG,629.1824817518249,Baixo Repasse
SAO JOSE DA LAPA,MG,638.9251123315028,Baixo Repasse
FARTURA DO PIAUI,PI,691.4507299270073,Alto Repasse
MUCAJAI,RR,703.3151502237375,Alto Repasse
RIO DOS BOIS,TO,694.0168067226891,Alto Repasse
DOM MACEDO COSTA,BA,633.728813559322,Baixo Repasse
MANCIO LIMA,AC,731.7308636465075,Alto Repasse
RIO FORMOSO,PE,680.0125,Alto Repasse
ARIRANHA DO IVAI,PR,612.1470588235294,Baixo Repasse
SANTO ANTONIO DO MONTE,MG,640.1315789473684,Baixo Repasse
FRAIBURGO,SC,638.5366132723112,Baixo Repasse
CANUTAMA,AM,709.4609030837005,Alto Repasse
MATA DE SAO JOAO,BA,648.8101185970224,Baixo Repasse
ACARI,RN,635.0677165354331,Baixo Repasse
ILHA GRANDE,PI,687.0868932038835,Alto Repasse
COCAL,PI,686.164635193133,Alto Repasse
PASSA TEMPO,MG,600.6340579710145,Baixo Repasse
SAO THOME DAS LETRAS,MG,635.0952380952381,Baixo Repasse
BREJO DO CRUZ,PB,649.079579085827,Baixo Repasse
UNIAO DE MINAS,MG,644.7202970297029,Baixo Repasse
ANAJAS,PA,813.232159264931,Alto Repasse
CARBONITA,MG,633.8393839383939,Baixo Repasse
ITIRAPINA,SP,642.0150637311704,Baixo Repasse
ENTRE-IJUIS,RS,695.5656565656566,Alto Repasse
CAMPO GRANDE (EX-AUGUSTO SEVERO),RN,644.6800274066461,Baixo Repasse
AMARALINA,GO,628.7289972899729,Baixo Repasse
LEOPOLDINA,MG,650.176212741087,Baixo Repasse
BEZERROS,PE,645.496008444943,Baixo Repasse
FEIRA GRANDE,AL,685.8126133387065,Alto Repasse
MANAUS,AM,689.9359558215718,Alto Repasse
PRESIDENTE FIGUEIREDO,AM,709.4900390625,Alto Repasse
JENIPAPO DOS VIEIRAS,MA,807.4388906804256,Alto Repasse
NOVAIS,SP,681.3980891719746,Alto Repasse
MAQUINE,RS,706.0186125211505,Alto Repasse
PONTA DE PEDRAS,PA,699.8724202626641,Alto Repasse
BENJAMIN CONSTANT,AM,829.9625085207907,Alto Repasse
IRACEMA DO OESTE,PR,571.7433628318585,Baixo Repasse
SERICITA,MG,686.7217553688142,Alto Repasse
MUNDO NOVO,BA,649.4721015122544,Baixo Repasse
SAO JOSE DOS BASILIOS,MA,704.991452991453,Alto Repasse
BERNARDO DO MEARIM,MA,681.6272365805169,Alto Repasse
ALTAMIRA DO PARANA,PR,642.8444444444444,Baixo Repasse
SANTA BRIGIDA,BA,685.171523178808,Alto Repasse
BONOPOLIS,GO,696.388785046729,Alto Repasse
OEIRAS,PI,646.0080092861289,Baixo Repasse
JORDAO,AC,878.8420467185762,Alto Repasse
PLANALTO DA SERRA,MT,691.7139037433155,Alto Repasse
JUSSARA,PR,648.1654135338346,Baixo Repasse
LAGOA DO MATO,MA,688.5116279069767,Alto Repasse
ITAPEJARA D'OESTE,PR,622.3411927877947,Baixo Repasse
SUCUPIRA,TO,638.8030303030303,Baixo Repasse
ITAGUACU DA BAHIA,BA,689.5219110378913,Alto Repasse
BREJO GRANDE,SE,698.7100785340314,Alto Repasse
SANTA CRUZ DA BAIXA VERDE,PE,684.9789103690686,Alto Repasse
IMIGRANTE,RS,726.7096774193549,Alto Repasse
SABINOPOLIS,MG,648.35325762104,Baixo Repasse
SAO JULIAO,PI,649.7004149377593,Baixo Repasse
TIRADENTES DO SUL,RS,701.8819444444445,Alto Repasse
TUPANCI DO SUL,RS,632.6923076923077,Baixo Repasse
BOA ESPERANCA DO SUL,SP,645.6370192307693,Baixo Repasse
MATRIZ DE CAMARAGIBE,AL,691.2594797178131,Alto Repasse
OURO,SC,639.1875,Baixo Repasse
CAMPOS NOVOS PAULISTA,SP,690.0304761904762,Alto Repasse
AQUIDAUANA,MS,693.4061659795663,Alto Repasse
GUARAQUECABA,PR,683.5815217391304,Alto Repasse
APARECIDA DO RIO NEGRO,TO,694.7466666666667,Alto Repasse
CASTELO,ES,645.7139959432048,Baixo Repasse
TIMBAUBA DOS BATISTAS,RN,635.7090395480226,Baixo Repasse
IBICARE,SC,717.8780487804878,Alto Repasse
NOVO MUNDO,MT,684.0664395229983,Alto Repasse
RIO CRESPO,RO,696.5428571428571,Alto Repasse
JARDIM DO SERIDO,RN,624.1916666666667,Baixo Repasse
SANTO AMARO DA IMPERATRIZ,SC,650.2567783094099,Baixo Repasse
LADAINHA,MG,684.991246352647,Alto Repasse
BERIZAL,MG,683.3209756097561,Alto Repasse
OLHO-D'AGUA DO BORGES,RN,644.4880785413744,Baixo Repasse
SAO BERNARDO DO CAMPO,SP,635.8513867339022,Baixo Repasse
SANTO ANTONIO DO AVENTUREIRO,MG,648.6683673469388,Baixo Repasse
BOM SUCESSO,PR,633.4227272727272,Baixo Repasse
FREI INOCENCIO,MG,641.6238532110092,Baixo Repasse
VITORIA DO JARI,AP,754.2870370370371,Alto Repasse
SAO JOSE DO SUL,RS,628.5757575757576,Baixo Repasse
ACU,RN,641.8144936512853,Baixo Repasse
MARATA,RS,709.5957446808511,Alto Repasse
GIRAU DO PONCIANO,AL,697.8972602739726,Alto Repasse
CHAVES,PA,788.9788506729332,Alto Repasse
ARVOREZINHA,RS,694.0706150341686,Alto Repasse
PRUDENTE DE MORAIS,MG,647.6515892420538,Baixo Repasse
IBICUITINGA,CE,645.8008780181875,Baixo Repasse
AGUAI,SP,680.6225834797891,Alto Repasse
CATINGUEIRA,PB,645.3327571305099,Baixo Repasse
IRINEOPOLIS,SC,680.0248565965583,Alto Repasse
LUCRECIA,RN,640.7892898719441,Baixo Repasse
PINHEIRO PRETO,SC,619.7826086956521,Baixo Repasse
ALTO ARAGUAIA,MT,685.0665362035226,Alto Repasse
FRANCISCO DUMONT,MG,639.1201011378002,Baixo Repasse
AGUAS DE LINDOIA,SP,638.2473347547974,Baixo Repasse
PUREZA,RN,699.082005899705,Alto Repasse
ESPIRITO SANTO DO DOURADO,MG,735.0679094540612,Alto Repasse
SAO SEBASTIAO DO RIO VERDE,MG,650.6131386861314,Baixo Repasse
NATIVIDADE DA SERRA,SP,684.1736972704715,Alto Repasse
PEDRA DO ANTA,MG,617.984496124031,Baixo Repasse
ARACATI,CE,642.1347348798674,Baixo Repasse
JESUITAS,PR,629.3108504398826,Baixo Repasse
BOM JARDIM,PE,650.0760758719151,Baixo Repasse
QUIXERE,CE,642.6601403768009,Baixo Repasse
SAO JOAO DA PARAUNA,GO,685.7841726618705,Alto Repasse
BIAS FORTES,MG,640.2029914529915,Baixo Repasse
BALSAS,MA,686.3523288902202,Alto Repasse
ARROIO DO TIGRE,RS,641.8875638841567,Baixo Repasse
BARREIRINHAS,MA,713.0883651381373,Alto Repasse
MONTE ALEGRE DE GOIAS,GO,703.2396887159533,Alto Repasse
VIRGOLANDIA,MG,648.7777777777778,Baixo Repasse
BENTO GONCALVES,RS,644.9960496613995,Baixo Repasse
TRES PALMEIRAS,RS,705.8288043478261,Alto Repasse
SANTA TEREZINHA DO TOCANTINS,TO,627.4143426294821,Baixo Repasse
GUARACAI,SP,645.7146739130435,Baixo Repasse
MACAIBA,RN,650.9305418022351,Baixo Repasse
TUPIRAMA,TO,645.9587628865979,Baixo Repasse
COROATA,MA,699.7525242718447,Alto Repasse
ERVALIA,MG,683.5371148459384,Alto Repasse
BASTOS,SP,627.5114795918367,Baixo Repasse
NOVA LARANJEIRAS,PR,685.1317204301075,Alto Repasse
LUZINOPOLIS,TO,648.3767705382436,Baixo Repasse
PEROLANDIA,GO,623.6011560693642,Baixo Repasse
ITAUCU,GO,645.9468911917098,Baixo Repasse
SANTANA DO JACARE,MG,604.6693227091633,Baixo Repasse
NOVO SAO JOAQUIM,MT,685.046204620462,Alto Repasse
PARDINHO,SP,647.758152173913,Baixo Repasse
JAGUARACU,MG,608.8888888888889,Baixo Repasse
TAQUARUCU DO SUL,RS,636.952380952381,Baixo Repasse
FORTIM,CE,649.5623014472291,Baixo Repasse
PIRES DO RIO,GO,625.1970419847328,Baixo Repasse
BRASNORTE,MT,747.7951425554382,Alto Repasse
CONDE,BA,686.8845816523417,Alto Repasse
FLORIANOPOLIS,SC,633.9622763993076,Baixo Repasse
GRAJAU,MA,737.6176602756142,Alto Repasse
SANTA INES,MA,700.6333784968518,Alto Repasse
URUCUI,PI,689.1679869524697,Alto Repasse
PROFESSOR JAMIL,GO,638.5351089588378,Baixo Repasse
ARROIO DO SAL,RS,700.3005524861878,Alto Repasse
RIO GRANDE,RS,682.7087572977481,Alto Repasse
CAMPO LARGO DO PIAUI,PI,700.9125632765762,Alto Repasse
SAO SIMAO,GO,632.0696864111499,Baixo Repasse
DONA EUSEBIA,MG,626.3020134228188,Baixo Repasse
IJUI,RS,684.6925087108013,Alto Repasse
PIATA,BA,681.5318513603186,Alto Repasse
PARAPUA,SP,641.4788937409024,Baixo Repasse
FIGUEIROPOLIS D'OESTE,MT,713.0410958904109,Alto Repasse
MUTUM,MG,697.7802960222017,Alto Repasse
SAO BONIFACIO,SC,641.9538461538461,Baixo Repasse
CORONEL VIVIDA,PR,644.6641148325359,Baixo Repasse
PALMACIA,CE,647.8303532490188,Baixo Repasse
CACHOEIRA GRANDE,MA,689.7126954677975,Alto Repasse
CASCA,RS,695.5819209039548,Alto Repasse
JOAO LISBOA,MA,706.4675824175824,Alto Repasse
SANTO ANTONIO DE POSSE,SP,650.0525078369906,Baixo Repasse
PINHAL,RS,642.1153846153846,Baixo Repasse
FORTALEZA DE MINAS,MG,716.2214285714285,Alto Repasse
PALMEIRA DO PIAUI,PI,683.9966887417219,Alto Repasse
ALTO ALEGRE DOS PARECIS,RO,617.1666666666666,Baixo Repasse
JULIO BORGES,PI,685.5530303030303,Alto Repasse
MARUIM,SE,686.2361557699178,Alto Repasse
CAMPANARIO,MG,646.7121212121212,Baixo Repasse
HULHA NEGRA,RS,691.615468409586,Alto Repasse
CORACAO DE MARIA,BA,641.9161541922904,Baixo Repasse
SANTO ANTONIO DO PINHAL,SP,603.840108401084,Baixo Repasse
BARRA DO ROCHA,BA,618.9720479178551,Baixo Repasse
SIDEROPOLIS,SC,647.2981029810298,Baixo Repasse
GUARANTA,SP,686.7223880597015,Alto Repasse
VERANOPOLIS,RS,617.3658536585366,Baixo Repasse
AIQUARA,BA,646.0443505807814,Baixo Repasse
CAIUA,SP,633.6731898238747,Baixo Repasse
UARINI,AM,812.5915860014892,Alto Repasse
WITMARSUM,SC,633.4096385542168,Baixo Repasse
TAPIRATIBA,SP,620.4275147928994,Baixo Repasse
TAUBATE,SP,680.1719313304721,Alto Repasse
ITAUBAL,AP,750.8041136141038,Alto Repasse
CASA BRANCA,SP,646.6102389078499,Baixo Repasse
NOVA BRASILANDIA,MT,680.3051359516617,Alto Repasse
SAO JOAO DA PONTA,PA,696.7481420313791,Alto Repasse
LINDOIA DO SUL,SC,613.967032967033,Baixo Repasse
UMIRIM,CE,686.9166427134234,Alto Repasse
IBIRAMA,SC,637.7857142857143,Baixo Repasse
BRAZABRANTES,GO,631.7792553191489,Baixo Repasse
CURRAIS NOVOS,RN,647.9508800654933,Baixo Repasse
PIQUEROBI,SP,639.2412698412699,Baixo Repasse
PUXINANA,PB,688.5636955636955,Alto Repasse
CARAUARI,AM,730.249724279187,Alto Repasse
ARARIPINA,PE,682.3892887993089,Alto Repasse
MORRINHOS,GO,620.4779281930547,Baixo Repasse
NOVA ROMA DO SUL,RS,733.1428571428571,Alto Repasse
MONTES ALTOS,MA,696.8026315789474,Alto Repasse
BAIA DA TRAICAO,PB,703.3345971563981,Alto Repasse
IPIRA,SC,691.4722222222222,Alto Repasse
ESPERANTINA,PI,685.4234902763562,Alto Repasse
GASTAO VIDIGAL,SP,640.2911392405064,Baixo Repasse
APIACA,ES,646.2072243346007,Baixo Repasse
DOIS CORREGOS,SP,680.0940350877192,Alto Repasse
FLORESTA DO ARAGUAIA,PA,699.7959366596953,Alto Repasse
IRARA,BA,650.4853937835943,Baixo Repasse
PORTO ACRE,AC,703.42700729927,Alto Repasse
ADAMANTINA,SP,636.8453333333333,Baixo Repasse
AMARANTE,PI,703.0785883748517,Alto Repasse
MONTE SANTO DE MINAS,MG,650.0951714485655,Baixo Repasse
ANGICO,TO,642.4223107569721,Baixo Repasse
PINDARE-MIRIM,MA,703.8311621528968,Alto Repasse
SAO SEBASTIAO DO UATUMA,AM,725.5140267587398,Alto Repasse
MATIAS OLIMPIO,PI,684.8029881862404,Alto Repasse
BOA ESPERANCA,PR,633.1915584415584,Baixo Repasse
JURUTI,PA,813.9531615925058,Alto Repasse
SAO JOAO DA URTIGA,RS,560.2539682539683,Baixo Repasse
MIRAI,MG,637.4775641025641,Baixo Repasse
APIAI,SP,648.328793774319,Baixo Repasse
AURORA DO PARA,PA,693.3425986842105,Alto Repasse
VESPASIANO CORREA,RS,698.75,Alto Repasse
CANDIDO MOTA,SP,638.1489594742607,Baixo Repasse
FORQUILHINHA,SC,692.0671140939597,Alto Repasse
TUTOIA,MA,706.8798084350378,Alto Repasse
GRAVATAI,RS,683.8019241652519,Alto Repasse
AUTAZES,AM,695.390022675737,Alto Repasse
PEDRA GRANDE,RN,650.5641344956414,Baixo Repasse
IBITINGA,SP,650.1007722007722,Baixo Repasse
GOVERNADOR LINDENBERG,ES,692.9720873786408,Alto Repasse
XAPURI,AC,704.4571041030858,Alto Repasse
CORUMBAIBA,GO,689.0267459138187,Alto Repasse
LARANJAL PAULISTA,SP,648.4605180037903,Baixo Repasse
GRUPIARA,MG,589.3333333333334,Baixo Repasse
DIOGO DE VASCONCELOS,MG,631.3636363636364,Baixo Repasse
FILADELFIA,TO,703.1807419100237,Alto Repasse
TAQUARIVAI,SP,646.3458737864078,Baixo Repasse
BOM JESUS DO GALHO,MG,645.719946571683,Baixo Repasse
OIAPOQUE,AP,722.5555193217023,Alto Repasse
ITAMARATI,AM,841.4638019617001,Alto Repasse
RONDONOPOLIS,MT,647.8666504539559,Baixo Repasse
COXILHA,RS,611.7428571428571,Baixo Repasse
GRAVATAL,SC,649.0340136054422,Baixo Repasse
BACURITUBA,MA,683.5992592592593,Alto Repasse
PORTALEGRE,RN,646.8360294117647,Baixo Repasse
SALTO DA DIVISA,MG,641.6595477386935,Baixo Repasse
COLINAS,MA,687.8611015687621,Alto Repasse
PIEDADE DOS GERAIS,MG,650.3289665211063,Baixo Repasse
SAO SEBASTIAO DA BOA VISTA,PA,751.1646463096516,Alto Repasse
PRADO FERREIRA,PR,649.5105633802817,Baixo Repasse
PRINCESA,SC,635.3125,Baixo Repasse
GUADALUPE,PI,687.5009950248756,Alto Repasse
PORTO FERREIRA,SP,630.8320363164721,Baixo Repasse
MARIANA PIMENTEL,RS,683.851590106007,Alto Repasse
MOCAJUBA,PA,709.7026907319233,Alto Repasse
NOVA MARILANDIA,MT,694.4784946236559,Alto Repasse
CORDISBURGO,MG,648.1448598130842,Baixo Repasse
BREJETUBA,ES,645.6817496229261,Baixo Repasse
CARAPEBUS,RJ,648.6084142394822,Baixo Repasse
AGUAS FRIAS,SC,605.0243902439024,Baixo Repasse
JAPURA,AM,766.9602977667494,Alto Repasse
ITAGUARU,GO,649.5071090047394,Baixo Repasse
GROAIRAS,CE,637.1697892271662,Baixo Repasse
NOVA ITABERABA,SC,626.4383561643835,Baixo Repasse
JANDAIA DO SUL,PR,641.3476357267951,Baixo Repasse
CASTELO DO PIAUI,PI,694.3253715498938,Alto Repasse
BRAGANEY,PR,625.1076388888889,Baixo Repasse
VICENTE DUTRA,RS,680.8178025034771,Alto Repasse
SAO PAULO DAS MISSOES,RS,644.7899686520376,Baixo Repasse
BARRA DO CHOCA,BA,647.2753219631047,Baixo Repasse
SAO GONCALO DO GURGUEIA,PI,693.185667752443,Alto Repasse
PICADA CAFE,RS,742.7272727272727,Alto Repasse
PASSA E FICA,RN,649.5304166666666,Baixo Repasse
CARACARAI,RR,722.9158635061214,Alto Repasse
DUERE,TO,692.3339416058394,Alto Repasse
ROLADOR,RS,699.3310344827586,Alto Repasse
ITAPORA DO TOCANTINS,TO,694.0873015873016,Alto Repasse
AGUAS LINDAS DE GOIAS,GO,685.6782250242483,Alto Repasse
RIBEIRAO DO SUL,SP,649.9298701298701,Baixo Repasse
GUABIJU,RS,689.2,Alto Repasse
CANTAGALO,MG,644.3587921847247,Baixo Repasse
SENTO SE,BA,693.3245707017172,Alto Repasse
QUERENCIA,MT,738.7878625134264,Alto Repasse
URUARA,PA,711.9277257709251,Alto Repasse
LAGOA SANTA,GO,687.8022813688212,Alto Repasse
SAO BENEDITO DO RIO PRETO,MA,751.624403544649,Alto Repasse
INDIANOPOLIS,MG,631.2181818181818,Baixo Repasse
OSORIO,RS,695.7801328693452,Alto Repasse
CIRIACO,RS,686.99173553719,Alto Repasse
FERNANDES TOURINHO,MG,648.2163265306123,Baixo Repasse
MAIRI,BA,649.7764520486268,Baixo Repasse
MARAPOAMA,SP,643.4715909090909,Baixo Repasse
PENALVA,MA,711.9261203585147,Alto Repasse
CRISTIANOPOLIS,GO,696.4740740740741,Alto Repasse
QUEBRANGULO,AL,686.041107041107,Alto Repasse
MAE DO RIO,PA,688.9191961191962,Alto Repasse
VITORIA DE SANTO ANTAO,PE,648.4978890728477,Baixo Repasse
BOA VISTA DO BURICA,RS,681.6746987951807,Alto Repasse
BURITIZAL,SP,642.6925373134328,Baixo Repasse
IRAJUBA,BA,680.9862385321101,Alto Repasse
SAO TOME,PR,625.2380952380952,Baixo Repasse
SANTA RITA DO SAPUCAI,MG,644.9388379204893,Baixo Repasse
SAO SEBASTIAO DA BELA VISTA,MG,649.4817518248175,Baixo Repasse
GRAVATA,PE,647.4821607907395,Baixo Repasse
TUNAS DO PARANA,PR,697.1372549019608,Alto Repasse
IMBAU,PR,646.1158088235294,Baixo Repasse
CURURUPU,MA,682.8160165688644,Alto Repasse
LAGOA DO TOCANTINS,TO,737.0307692307692,Alto Repasse
SAO DOMINGOS DO AZEITAO,MA,712.7886133032695,Alto Repasse
ESTRELA DALVA,MG,680.103305785124,Alto Repasse
ITUIUTABA,MG,639.3408628031846,Baixo Repasse
DOURADOQUARA,MG,638.8173076923077,Baixo Repasse
SAO JOAO DAS DUAS PONTES,SP,602.3815789473684,Baixo Repasse
RUY BARBOSA,RN,648.8610038610038,Baixo Repasse
UCHOA,SP,615.176245210728,Baixo Repasse
PASSABEM,MG,627.1315789473684,Baixo Repasse
PAIAL,SC,697.1315789473684,Alto Repasse
MATINHOS,PR,680.3277520484503,Alto Repasse
PORTO DE MOZ,PA,740.8022922636103,Alto Repasse
JANUARIO CICCO,RN,681.4217142857143,Alto Repasse
MATO CASTELHANO,RS,692.4971428571429,Alto Repasse
ARAPUA,MG,620.1418439716313,Baixo Repasse
PRADOS,MG,650.6606425702811,Baixo Repasse
ARENOPOLIS,GO,640.8882978723404,Baixo Repasse
ALTO BOA VISTA,MT,769.5780346820809,Alto Repasse
ITAIOPOLIS,SC,645.3363095238095,Baixo Repasse
MOIPORA,GO,617.248322147651,Baixo Repasse
ITAPUCA,RS,604.9594594594595,Baixo Repasse
CAMUTANGA,PE,681.5969788519637,Alto Repasse
DIORAMA,GO,647.4551282051282,Baixo Repasse
TRES ARROIOS,RS,611.0,Baixo Repasse
SAPIRANGA,RS,697.4118843199277,Alto Repasse
ITAPUA DO OESTE,RO,703.6532258064516,Alto Repasse
POCO DANTAS,PB,647.7940414507772,Baixo Repasse
CURRAIS,PI,680.4494382022472,Alto Repasse
ARANDU,SP,686.7905405405405,Alto Repasse
PAIVA,MG,632.9944444444444,Baixo Repasse
SAO LUIS DO PARAITINGA,SP,650.4279661016949,Baixo Repasse
CAREIRO,AM,710.2497405741958,Alto Repasse
RIBEIRA DO AMPARO,BA,681.8567885926844,Alto Repasse
BOA VISTA DO CADEADO,RS,648.0459770114943,Baixo Repasse
LUTECIA,SP,628.65625,Baixo Repasse
TERRA ROXA,PR,693.2149837133551,Alto Repasse
PORTO ESTRELA,MT,682.2430555555555,Alto Repasse
NOVO PROGRESSO,PA,712.4316750629723,Alto Repasse
APODI,RN,632.4772513756543,Baixo Repasse
CAMPO BELO DO SUL,SC,613.9054054054054,Baixo Repasse
ARINOS,MG,640.3062988884315,Baixo Repasse
BELO MONTE,AL,694.2075029308323,Alto Repasse
CANDIDO RODRIGUES,SP,684.1862068965518,Alto Repasse
NOVA RESENDE,MG,736.4663072776281,Alto Repasse
PRESIDENTE JANIO QUADROS,BA,643.7767756482525,Baixo Repasse
TAILANDIA,PA,703.7724700995489,Alto Repasse
SAO GONCALO DO PARA,MG,643.4502617801047,Baixo Repasse
NOVA CANAA PAULISTA,SP,608.3888888888889,Baixo Repasse
SANTA TEREZA DE GOIAS,GO,650.3928571428571,Baixo Repasse
CONCHAL,SP,680.6433990895296,Alto Repasse
CAPIVARI,SP,650.8017156054108,Baixo Repasse
ALTO ALEGRE,RR,745.4450017914726,Alto Repasse
SENTINELA DO SUL,RS,680.4379391100703,Alto Repasse
CAPAO BONITO,SP,650.0396506962473,Baixo Repasse
SALESOPOLIS,SP,684.1982892690513,Alto Repasse
TRES BARRAS,SC,699.2699724517906,Alto Repasse
CHUVISCA,RS,643.5882352941177,Baixo Repasse
CAMETA,PA,706.5751200826899,Alto Repasse
ALTONIA,PR,648.6945668135096,Baixo Repasse
JOSE RAYDAN,MG,638.4033613445379,Baixo Repasse
IGUABA GRANDE,RJ,649.1734947237741,Baixo Repasse
TEIXEIRAS,MG,640.1015228426396,Baixo Repasse
ALFREDO MARCONDES,SP,626.5055350553506,Baixo Repasse
VALENTE,BA,641.6554836178144,Baixo Repasse
PONTALINDA,SP,650.7760617760617,Baixo Repasse
BELEM DO PIAUI,PI,624.6277173913044,Baixo Repasse
PALMARES DO SUL,RS,693.12402551382,Alto Repasse
POCO REDONDO,SE,697.0831091984938,Alto Repasse
NOVA BASSANO,RS,698.3404255319149,Alto Repasse
BELMONTE,SC,636.2268041237113,Baixo Repasse
IPIXUNA,AM,745.123595505618,Alto Repasse
ITABERAI,GO,629.1735197368421,Baixo Repasse
CONCEICAO DAS PEDRAS,MG,683.2375366568915,Alto Repasse
BRODOWSKI,SP,697.1439655172413,Alto Repasse
CAMPOS BELOS,GO,680.2896969696969,Alto Repasse
PEDRINHAS,SE,643.1648418491484,Baixo Repasse
ESTEIO,RS,682.767699569054,Alto Repasse
GENERAL MAYNARD,SE,636.2506738544474,Baixo Repasse
TABAPUA,SP,637.4274061990212,Baixo Repasse
MONTE ALEGRE DO SUL,SP,644.7136563876652,Baixo Repasse
BOM JARDIM,MA,711.5006015037594,Alto Repasse
FERREIRA GOMES,AP,766.8321492007104,Alto Repasse
MILAGRES DO MARANHAO,MA,719.5311764705882,Alto Repasse
TURIACU,MA,707.6173725771715,Alto Repasse
JANDUIS,RN,649.9339875111508,Baixo Repasse
MALHADA DE PEDRAS,BA,630.7351778656126,Baixo Repasse
ABREULANDIA,TO,681.3565573770492,Alto Repasse
SUMIDOURO,RJ,646.6389008158008,Baixo Repasse
GRANJA,CE,680.8447959183674,Alto Repasse
MARIPA DE MINAS,MG,699.3988764044943,Alto Repasse
SENHORA DE OLIVEIRA,MG,640.5384615384615,Baixo Repasse
NOVA CRIXAS,GO,689.8166383701189,Alto Repasse
SAO BERNARDO,MA,690.8055842812823,Alto Repasse
VALE DO SOL,RS,649.0122591943958,Baixo Repasse
BAEPENDI,MG,633.0656292286874,Baixo Repasse
ANDRADAS,MG,628.1642078255292,Baixo Repasse
IMPERATRIZ,MA,682.3507110557704,Alto Repasse
BORRAZOPOLIS,PR,637.0023148148148,Baixo Repasse
URUANA DE MINAS,MG,625.952772073922,Baixo Repasse
SAO JOSE DE PRINCESA,PB,681.1365517241379,Alto Repasse
SANTA RITA DO PARDO,MS,626.4301994301994,Baixo Repasse
BARRA DO RIBEIRO,RS,687.7381546134663,Alto Repasse
SAO JOSE DO CERRITO,SC,633.2297297297297,Baixo Repasse
PEDRANOPOLIS,SP,641.6547619047619,Baixo Repasse
MUNIZ FERREIRA,BA,642.570408825438,Baixo Repasse
AMERICA DOURADA,BA,681.3459138187221,Alto Repasse
OUROESTE,SP,560.9511627906977,Baixo Repasse
VILA BELA DA SANTISSIMA TRINDADE,MT,692.4124438742784,Alto Repasse
BARAO DE COTEGIPE,RS,684.3169398907104,Alto Repasse
BUENO BRANDAO,MG,640.1048951048951,Baixo Repasse
CABECEIRAS,GO,681.5976277372263,Alto Repasse
CAMPOS DE JULIO,MT,632.9362880886426,Baixo Repasse
NOVA AURORA,GO,626.2484848484848,Baixo Repasse
HERVEIRAS,RS,684.0115606936416,Alto Repasse
RIO MARIA,PA,680.3908045977012,Alto Repasse
PEDRO LEOPOLDO,MG,644.8489494605337,Baixo Repasse
RANCHO ALEGRE D'OESTE,PR,631.6234567901234,Baixo Repasse
POMERODE,SC,614.9142857142857,Baixo Repasse
CATUJI,MG,691.5816901408451,Alto Repasse
BERTIOGA,SP,681.5827280064568,Alto Repasse
CIDREIRA,RS,701.5046542553191,Alto Repasse
PORTO LUCENA,RS,692.6086956521739,Alto Repasse
BOM SUCESSO,PB,635.9616935483871,Baixo Repasse
ARAL MOREIRA,MS,682.8578745198464,Alto Repasse
TAMANDARE,PE,685.6941717150617,Alto Repasse
MISSAO VELHA,CE,683.6414780718578,Alto Repasse
NOVA AMERICA,GO,645.0880681818181,Baixo Repasse
PARINTINS,AM,735.5706291097327,Alto Repasse
GUARACIABA DO NORTE,CE,696.4419225634178,Alto Repasse
RONDA ALTA,RS,696.9550949913644,Alto Repasse
LAJEADO GRANDE,SC,682.6268656716418,Alto Repasse
INHUMAS,GO,643.1845172031077,Baixo Repasse
MAREMA,SC,702.4915254237288,Alto Repasse
JUAZEIRO,BA,685.144309252218,Alto Repasse
CAMBIRA,PR,636.6573033707865,Baixo Repasse
CANDOI,PR,622.2611218568666,Baixo Repasse
MINEIROS DO TIETE,SP,649.8404624277457,Baixo Repasse
SANTA TEREZINHA,MT,697.8068043742405,Alto Repasse
NOVA PALMEIRA,PB,642.7257318952235,Baixo Repasse
PONTAL,SP,648.2273593898951,Baixo Repasse
VICOSA,MG,633.3859692006845,Baixo Repasse
ARAPUA,PR,635.0785498489425,Baixo Repasse
JARDIM,MS,701.2841614906832,Alto Repasse
COLORADO,RS,605.140625,Baixo Repasse
SIMONESIA,MG,693.0064079743681,Alto Repasse
BALNEARIO ARROIO DO SILVA,SC,685.6239388794567,Alto Repasse
TEIXEIROPOLIS,RO,644.2837837837837,Baixo Repasse
PRESIDENTE MEDICI,MA,687.4324880054832,Alto Repasse
CARNAUBAIS,RN,649.9781368821293,Baixo Repasse
CORURIPE,AL,693.8776886408557,Alto Repasse
ITUTINGA,MG,612.9185185185186,Baixo Repasse
MERCEDES,PR,592.5764705882353,Baixo Repasse
BARRA DO QUARAI,RS,708.8387755102041,Alto Repasse
ONDA VERDE,SP,621.5412844036697,Baixo Repasse
SAO MIGUEL DO GOSTOSO,RN,650.3440643863179,Baixo Repasse
EIRUNEPE,AM,772.507496592458,Alto Repasse
CONCEICAO DO TOCANTINS,TO,683.0308529945554,Alto Repasse
ARARIPE,CE,683.8443755958056,Alto Repasse
SAO BRAS DO SUACUI,MG,631.6810344827586,Baixo Repasse
PRESIDENTE SARNEY,MA,744.0641806189751,Alto Repasse
BOCAINA,SP,693.6328358208955,Alto Repasse
PEIXE,TO,689.2683142100618,Alto Repasse
ASSAI,PR,589.5795795795796,Baixo Repasse
JUNDIAI DO SUL,PR,641.2619047619048,Baixo Repasse
CAMPESTRE,AL,686.0006273525721,Alto Repasse
VALE DE SAO DOMINGOS,MT,694.3536585365854,Alto Repasse
FRUTUOSO GOMES,RN,648.5303593556382,Baixo Repasse
COQUEIROS DO SUL,RS,682.68,Alto Repasse
CONCEICAO DO JACUIPE,BA,640.663231330268,Baixo Repasse
FRANCISCO BELTRAO,PR,641.4769094138544,Baixo Repasse
CURRAL NOVO DO PIAUI,PI,693.2379182156134,Alto Repasse
CERRO GRANDE DO SUL,RS,685.5831325301205,Alto Repasse
PEIXE-BOI,PA,647.9890377588307,Baixo Repasse
CARANDAI,MG,646.4457547169811,Baixo Repasse
ITINGA DO MARANHAO,MA,691.2871939736347,Alto Repasse
TOCOS DO MOJI,MG,681.9742765273312,Alto Repasse
NORTELANDIA,MT,629.9678638941399,Baixo Repasse
PORTO BARREIRO,PR,633.0666666666667,Baixo Repasse
QUELUZITO,MG,631.5342465753424,Baixo Repasse
LIMOEIRO DO NORTE,CE,646.1490938105551,Baixo Repasse
OURO BRANCO,MG,622.5255102040817,Baixo Repasse
MARECHAL DEODORO,AL,681.4750678978816,Alto Repasse
TIMBIRAS,MA,723.1380761523046,Alto Repasse
SAO MATEUS DO MARANHAO,MA,703.7008219954648,Alto Repasse
JULIO MESQUITA,SP,684.2542735042736,Alto Repasse
ERICO CARDOSO,BA,646.592641261498,Baixo Repasse
ESTREITO,MA,684.1128456735058,Alto Repasse
PARANAVAI,PR,649.4228833953183,Baixo Repasse
SABARA,MG,648.623347524087,Baixo Repasse
TIMON,MA,689.6479847013827,Alto Repasse
CRISSIUMAL,RS,639.8406779661017,Baixo Repasse
JACI,SP,643.343537414966,Baixo Repasse
SANTA VITORIA,MG,649.489705882353,Baixo Repasse
MONTE FORMOSO,MG,683.2230652503794,Alto Repasse
ENCANTADO,RS,698.5405819295559,Alto Repasse
TUCUNDUVA,RS,644.7434554973822,Baixo Repasse
LUZIANIA,GO,680.0452378769824,Alto Repasse
SANTA LUZIA,PB,649.8609148382299,Baixo Repasse
QUARAI,RS,685.2212467076383,Alto Repasse
BETIM,MG,640.4452868334597,Baixo Repasse
CARMOLANDIA,TO,689.4117647058823,Alto Repasse
LAGOA VERMELHA,RS,682.9004641567818,Alto Repasse
TRES COROAS,RS,684.6953642384105,Alto Repasse
IBEMA,PR,628.1498194945848,Baixo Repasse
ESTRELA DO INDAIA,MG,608.0681818181819,Baixo Repasse
SAO FELIX DE MINAS,MG,637.5883575883576,Baixo Repasse
TAQUARA,RS,696.9386120996442,Alto Repasse
AUGUSTO DE LIMA,MG,635.1230158730159,Baixo Repasse
RORAINOPOLIS,RR,695.7237055955421,Alto Repasse
TERESINA DE GOIAS,GO,691.1641961231471,Alto Repasse
PEDRA DO INDAIA,MG,630.0398230088496,Baixo Repasse
JAGUARIPE,BA,645.8983853606028,Baixo Repasse
RIO DOS CEDROS,SC,708.3816793893129,Alto Repasse
RONDON DO PARA,PA,686.1945701357466,Alto Repasse
SAO JOSE DAS MISSOES,RS,641.4889867841409,Baixo Repasse
RERIUTABA,CE,688.5321821036107,Alto Repasse
ITAMBE,PR,597.7121212121212,Baixo Repasse
COTRIGUACU,MT,695.5842245989305,Alto Repasse
CONCEICAO DOS OUROS,MG,647.9816643159379,Baixo Repasse
TAIOBEIRAS,MG,649.3630295250321,Baixo Repasse
RIO DO ANTONIO,BA,638.8827612803702,Baixo Repasse
SAMPAIO,TO,720.3019057171515,Alto Repasse
PORTO ALEGRE DO TOCANTINS,TO,707.3636363636364,Alto Repasse
UMARIZAL,RN,642.825290437891,Baixo Repasse
SAO GONCALO DO RIO PRETO,MG,631.9125,Baixo Repasse
PLANALTINA,GO,688.0931022765885,Alto Repasse
PASSO DO SOBRADO,RS,703.963768115942,Alto Repasse
UNIAO,PI,685.1897155812036,Alto Repasse
POCO VERDE,SE,648.3506321947538,Baixo Repasse
GLAUCILANDIA,MG,646.9425,Baixo Repasse
BENEDITO LEITE,MA,689.5990740740741,Alto Repasse
VILA NOVA DO PIAUI,PI,628.2100538599641,Baixo Repasse
ENGENHEIRO COELHO,SP,642.8538538538538,Baixo Repasse
RIACHO DA CRUZ,RN,641.3123844731978,Baixo Repasse
CAPIVARI DO SUL,RS,684.01593625498,Alto Repasse
CRISTAIS,MG,649.159756097561,Baixo Repasse
BARRA FUNDA,RS,577.4285714285714,Baixo Repasse
SAO PAULO DE OLIVENCA,AM,818.2378728923476,Alto Repasse
ANAPU,PA,712.8320146934162,Alto Repasse
RIBEIRA,SP,648.4244897959184,Baixo Repasse
ATALAIA,AL,683.4677695379349,Alto Repasse
MONCAO,MA,711.024448503583,Alto Repasse
BRITANIA,GO,629.2850356294537,Baixo Repasse
VENTANIA,PR,649.3344671201814,Baixo Repasse
URU,SP,702.6181818181818,Alto Repasse
IEPE,SP,647.0139751552795,Baixo Repasse
ASTORGA,PR,641.3758654797231,Baixo Repasse
ARAPUTANGA,MT,631.9916765755054,Baixo Repasse
MARQUES DE SOUZA,RS,650.8453608247422,Baixo Repasse
CARNAUBEIRA DA PENHA,PE,692.2632091551011,Alto Repasse
RIO PIRACICABA,MG,626.6991150442478,Baixo Repasse
CACIQUE DOBLE,RS,684.1675392670157,Alto Repasse
AGUA SANTA,RS,693.4727891156463,Alto Repasse
SANTA MARIA DO TOCANTINS,TO,684.5714285714286,Alto Repasse
MONTE CASTELO,SP,647.1847389558233,Baixo Repasse
BRAGANCA,PA,687.2069729708338,Alto Repasse
CAJUEIRO,AL,694.4380835380836,Alto Repasse
ABDON BATISTA,SC,642.3055555555555,Baixo Repasse
QUATRO IRMAOS,RS,714.7058823529412,Alto Repasse
JOAO COSTA,PI,649.4290271132377,Baixo Repasse
MANAQUIRI,AM,724.4542467138524,Alto Repasse
JUCURUTU,RN,624.7500771366862,Baixo Repasse
NIQUELANDIA,GO,616.1666035592579,Baixo Repasse
TOBIAS BARRETO,SE,645.6023752969121,Baixo Repasse
PALMINOPOLIS,GO,650.5452380952381,Baixo Repasse
ENTRE RIOS DO OESTE,PR,649.0169491525423,Baixo Repasse
CANTANHEDE,MA,685.8315789473684,Alto Repasse
RITAPOLIS,MG,618.1733333333333,Baixo Repasse
PONTE BRANCA,MT,710.9365853658536,Alto Repasse
FERNANDOPOLIS,SP,649.1623962468423,Baixo Repasse
IRATI,PR,645.6972641268218,Baixo Repasse
DIAMANTE D'OESTE,PR,686.6535211267606,Alto Repasse
TUPASSI,PR,644.3235294117648,Baixo Repasse
SANTOS DUMONT,MG,645.3151050350117,Baixo Repasse
FLORESTOPOLIS,PR,648.4161922833649,Baixo Repasse
WESTFALIA,RS,638.2608695652174,Baixo Repasse
CACHOEIRINHA,TO,686.042071197411,Alto Repasse
PALMA,MG,647.4311926605504,Baixo Repasse
CAPELA DE SANTANA,RS,698.5042283298097,Alto Repasse
ARAPOEMA,TO,695.8644067796611,Alto Repasse
CRISTINO CASTRO,PI,682.4884732492388,Alto Repasse
SENHORA DOS REMEDIOS,MG,644.8712065136936,Baixo Repasse
GENERAL CARNEIRO,MT,757.3099762470309,Alto Repasse
CHAPADAO DO CEU,GO,692.3794940079894,Alto Repasse
TUBARAO,SC,644.1942038640906,Baixo Repasse
PICOS,PI,639.9901742534736,Baixo Repasse
CANAPI,AL,692.1553348612172,Alto Repasse
JABORA,SC,711.4350649350649,Alto Repasse
GOVERNADOR NEWTON BELLO,MA,695.3491796381994,Alto Repasse
CURUA,PA,733.7055909412597,Alto Repasse
GARRAFAO DO NORTE,PA,699.6424120234605,Alto Repasse
OLHO D'AGUA GRANDE,AL,685.5714285714286,Alto Repasse
JARDIM OLINDA,PR,628.9459459459459,Baixo Repasse
ARAIOSES,MA,690.7189028026237,Alto Repasse
ELDORADO DOS CARAJAS,PA,723.3862891904539,Alto Repasse
MARACAJU,MS,694.9442379182157,Alto Repasse
LIMA CAMPOS,MA,688.2046109510086,Alto Repasse
BOA ESPERANCA DO IGUACU,PR,588.7666666666667,Baixo Repasse
GUARANI D'OESTE,SP,581.5869565217391,Baixo Repasse
LAURO MULLER,SC,627.2860962566845,Baixo Repasse
MURICI,AL,708.2875555555555,Alto Repasse
BOFETE,SP,643.9508867667122,Baixo Repasse
FELIZ NATAL,MT,744.8572621035058,Alto Repasse
CACHOEIRA DA PRATA,MG,633.0258620689655,Baixo Repasse
LAGOA DE VELHOS,RN,681.7833037300178,Alto Repasse
MESQUITA,MG,625.5910020449898,Baixo Repasse
SAO JOSE DO ALEGRE,MG,687.8268551236749,Alto Repasse
TIMOTEO,MG,643.2500578837694,Baixo Repasse
NOVA AMERICA DA COLINA,PR,627.0776699029126,Baixo Repasse
NOVA TEBAS,PR,641.6315789473684,Baixo Repasse
NOVA BRASILANDIA D'OESTE,RO,626.6051930758988,Baixo Repasse
JAU,SP,650.9547728220092,Baixo Repasse
FELIZ,RS,618.9545454545455,Baixo Repasse
SAO FRANCISCO DE PAULA,RS,714.1805993690851,Alto Repasse
SAO CRISTOVAO DO SUL,SC,627.9100346020762,Baixo Repasse
PADRE MARCOS,PI,647.9130685089234,Baixo Repasse
ALCOBACA,BA,681.8496652465003,Alto Repasse
PAUINI,AM,793.8457505518763,Alto Repasse
CAPINOPOLIS,MG,648.8358208955224,Baixo Repasse
SANTANA DO PARAISO,MG,647.7439111747851,Baixo Repasse
JAPARATINGA,AL,692.236861051116,Alto Repasse
SELBACH,RS,607.1970802919708,Baixo Repasse
COLARES,PA,685.1710024280263,Alto Repasse
SANTANA DO DESERTO,MG,619.8823529411765,Baixo Repasse
SAO BENTO DO TOCANTINS,TO,710.3680485338726,Alto Repasse
RIO PRETO,MG,641.9361445783132,Baixo Repasse
TRABIJU,SP,646.6513157894736,Baixo Repasse
ARATACA,BA,650.4111755403268,Baixo Repasse
SAO GONCALO DO PIAUI,PI,682.5785198555957,Alto Repasse
BELAGUA,MA,785.0994862213919,Alto Repasse
SANTA BARBARA DO TUGURIO,MG,625.5327380952381,Baixo Repasse
MACAPA,AP,710.7456830618328,Alto Repasse
PETROLANDIA,PE,681.4750625275857,Alto Repasse
NOVA UNIAO,RO,686.4993270524899,Alto Repasse
ITAIPE,MG,695.8338206627681,Alto Repasse
MATA ROMA,MA,711.1657912765471,Alto Repasse
CABECEIRAS DO PIAUI,PI,646.4181169120928,Baixo Repasse
RIO VERMELHO,MG,686.7538586515028,Alto Repasse
PRESIDENTE BERNARDES,MG,633.6744913928012,Baixo Repasse
AVARE,SP,694.0341121495327,Alto Repasse
SANTA IZABEL DO OESTE,PR,643.1948424068768,Baixo Repasse
POCINHOS,PB,689.0480620155039,Alto Repasse
CAJARI,MA,700.4455189086514,Alto Repasse
CARNEIRINHO,MG,646.3159922928709,Baixo Repasse
SAO PEDRO DA AGUA BRANCA,MA,726.5964912280701,Alto Repasse
LAGOA DOS TRES CANTOS,RS,742.258064516129,Alto Repasse
CRAVOLANDIA,BA,686.0815085158151,Alto Repasse
AMPARO DO SERRA,MG,627.8439803439803,Baixo Repasse
CANAPOLIS,MG,627.2622673434856,Baixo Repasse
SAO JOSE DO GOIABAL,MG,634.3502722323049,Baixo Repasse
CHAPADA DO NORTE,MG,641.0361204013378,Baixo Repasse
BUJARI,AC,711.5106593951413,Alto Repasse
SAO BRAZ DO PIAUI,PI,646.35205364627,Baixo Repasse
VARGEM BONITA,MG,684.5470588235294,Alto Repasse
JATOBA,MA,705.6179271708684,Alto Repasse
IPIRANGA DO NORTE,MT,732.5569985569986,Alto Repasse
AURIFLAMA,SP,629.5450733752621,Baixo Repasse
MARAJA DO SENA,MA,750.4185260311021,Alto Repasse
PRAIA GRANDE,SP,682.8128189550425,Alto Repasse
SANTANA DO CARIRI,CE,681.7278797996661,Alto Repasse
TOCANTINS,MG,644.7514164305949,Baixo Repasse
BANDEIRANTES DO TOCANTINS,TO,683.0471464019851,Alto Repasse
ITATI,RS,707.6559633027523,Alto Repasse
CENTRO DO GUILHERME,MA,725.3614605707272,Alto Repasse
IBITIRAMA,ES,684.2214876033058,Alto Repasse
TAQUARAL,SP,621.2325581395348,Baixo Repasse
TRAJANO DE MORAIS,RJ,649.3012757605495,Baixo Repasse
MIRADOR,MA,687.1507686608632,Alto Repasse
GETULINA,SP,648.7303988995874,Baixo Repasse
ISAIAS COELHO,PI,683.4812324929972,Alto Repasse
SANTANA DA PONTE PENSA,SP,637.0857142857143,Baixo Repasse
CRUZ,CE,680.604170444243,Alto Repasse
CONCEICAO DA BARRA DE MINAS,MG,648.5044444444444,Baixo Repasse
FUNILANDIA,MG,645.6102003642987,Baixo Repasse
AGUA FRIA,BA,648.2943031322262,Baixo Repasse
RIO DO PRADO,MG,649.2051569506726,Baixo Repasse
ITAPORA,MS,694.5548961424332,Alto Repasse
FIRMINOPOLIS,GO,643.3446866485014,Baixo Repasse
MARCO,CE,711.8127253064167,Alto Repasse
CAPAO ALTO,SC,647.76,Baixo Repasse
SAO PEDRO DE ALCANTARA,SC,617.6,Baixo Repasse
VITORIA DO XINGU,PA,708.3054775280899,Alto Repasse
SAO BORJA,RS,690.9195103857567,Alto Repasse
SANTA CRUZ DO ESCALVADO,MG,641.9870609981516,Baixo Repasse
PENAFORTE,CE,700.1526175687667,Alto Repasse
IBIRITE,MG,639.5657644824312,Baixo Repasse
BUJARU,PA,682.6846381093058,Alto Repasse
TUPIRATINS,TO,611.5838150289018,Baixo Repasse
GOVERNADOR LUIZ ROCHA,MA,714.53125,Alto Repasse
OLIVEIRA,MG,642.8752483114819,Baixo Repasse
SANTA ISABEL DO IVAI,PR,632.9795918367347,Baixo Repasse
JERICO,PB,648.5010266940452,Baixo Repasse
VISTA ALEGRE,RS,680.0104166666666,Alto Repasse
FERNANDO FALCAO,MA,767.1460280373832,Alto Repasse
BOA VISTA DO RAMOS,AM,753.2672344956082,Alto Repasse
FRANCISCO BADARO,MG,637.7270220588235,Baixo Repasse
BURITINOPOLIS,GO,682.1259842519685,Alto Repasse
RIBEIRAO CASCALHEIRA,MT,758.5526561043803,Alto Repasse
CAPAO DO LEAO,RS,685.767780350645,Alto Repasse
URAI,PR,642.1826280623608,Baixo Repasse
IGARATINGA,MG,635.6835106382979,Baixo Repasse
PRESIDENTE ALVES,SP,642.5899581589958,Baixo Repasse
TUNTUM,MA,697.6926188068757,Alto Repasse
BURITIRANA,MA,711.9312377210216,Alto Repasse
BRUNOPOLIS,SC,635.8009950248756,Baixo Repasse
ACRELANDIA,AC,692.3078593139384,Alto Repasse
ARCO-IRIS,SP,640.0377358490566,Baixo Repasse
BRASOPOLIS,MG,646.2409867172676,Baixo Repasse
SAO JOAO DO SUL,SC,692.8082191780821,Alto Repasse
CENTRAL DO MARANHAO,MA,682.9391083725988,Alto Repasse
NOVA UNIAO,MG,646.5448877805486,Baixo Repasse
BARAO DE MONTE ALTO,MG,627.5102685624013,Baixo Repasse
VINHEDO,SP,645.108012394865,Baixo Repasse
LUIZIANA,PR,684.4333333333333,Alto Repasse
DOURADO,SP,634.8644763860369,Baixo Repasse
NOVO JARDIM,TO,707.8465473145781,Alto Repasse
DEODAPOLIS,MS,608.0150273224044,Baixo Repasse
SIMPLICIO MENDES,PI,647.5717076983196,Baixo Repasse
NOVA COLINAS,MA,699.0896017699115,Alto Repasse
CUMARU,PE,632.1727055760468,Baixo Repasse
PEDRA PRETA,MT,642.7077713551702,Baixo Repasse
SAO SEBASTIAO DA VARGEM ALEGRE,MG,650.8598484848485,Baixo Repasse
LAGOA DOURADA,MG,694.2555066079295,Alto Repasse
SAO MIGUEL DO IGUACU,PR,697.1580547112462,Alto Repasse
PARANAPUA,SP,682.5570469798657,Alto Repasse
DONA EMMA,SC,693.4821428571429,Alto Repasse
CLAUDIA,MT,703.5759493670886,Alto Repasse
ITAGUATINS,TO,706.0474747474748,Alto Repasse
CURRALINHOS,PI,681.5524861878453,Alto Repasse
AURORA,SC,721.939393939394,Alto Repasse
SALVADOR,BA,645.4865946552196,Baixo Repasse
BOQUEIRAO DO LEAO,RS,684.6929460580913,Alto Repasse
ALVARES FLORENCE,SP,644.5353535353536,Baixo Repasse
MARANHAOZINHO,MA,727.3612852664577,Alto Repasse
PEREIRAS,SP,634.0327380952381,Baixo Repasse
CAXIAS,MA,694.0778259299386,Alto Repasse
FONTE BOA,AM,742.8287822878228,Alto Repasse
SENADOR AMARAL,MG,702.6820987654321,Alto Repasse
SITIO DO MATO,BA,717.8975487115022,Alto Repasse
CORONEL JOAO PESSOA,RN,639.5833333333334,Baixo Repasse
TUPI PAULISTA,SP,631.7881355932203,Baixo Repasse
AREAL,RJ,639.608643457383,Baixo Repasse
VIADUTOS,RS,711.418439716312,Alto Repasse
HERVAL D'OESTE,SC,710.8907284768212,Alto Repasse
RANCHO QUEIMADO,SC,609.5416666666666,Baixo Repasse
LUIZIANIA,SP,696.2402464065708,Alto Repasse
LAGOA DA CONFUSAO,TO,723.449090909091,Alto Repasse
CAMPOS LINDOS,TO,726.2490808823529,Alto Repasse
ITAGUARA,MG,632.4341463414634,Baixo Repasse
SAPUCAIA,PA,713.4438722966014,Alto Repasse
ANHANGUERA,GO,648.2631578947369,Baixo Repasse
MAMONAS,MG,621.1450292397661,Baixo Repasse
PATOS DO PIAUI,PI,646.5441478439425,Baixo Repasse
CRUZMALTINA,PR,617.1297709923664,Baixo Repasse
CEDRO DO ABAETE,MG,685.525,Alto Repasse
NOVA EUROPA,SP,626.6509695290858,Baixo Repasse
CANOAS,RS,686.2079479576935,Alto Repasse
PASTOS BONS,MA,695.6220651350669,Alto Repasse
URUPES,SP,640.1909814323608,Baixo Repasse
GENTIL,RS,681.4509803921569,Alto Repasse
DIONISIO CERQUEIRA,SC,704.2524916943522,Alto Repasse
IRANDUBA,AM,707.5380980901044,Alto Repasse
CORONEL XAVIER CHAVES,MG,607.0275862068966,Baixo Repasse
SAO FRANCISCO DO OESTE,RN,636.0945945945946,Baixo Repasse
MEDIANEIRA,PR,635.6101694915254,Baixo Repasse
AMAPA DO MARANHAO,MA,712.5415244596132,Alto Repasse
FERROS,MG,625.801393728223,Baixo Repasse
PIRES FERREIRA,CE,690.1080887616321,Alto Repasse
SANTIAGO,RS,649.1447562776957,Baixo Repasse
BACURI,MA,697.181461352657,Alto Repasse
PRIMEIRA CRUZ,MA,719.9836004472605,Alto Repasse
RIO PRETO DA EVA,AM,712.8031598031598,Alto Repasse
SAO JOAO BATISTA DO GLORIA,MG,685.8412698412699,Alto Repasse
QUINZE DE NOVEMBRO,RS,689.5238095238095,Alto Repasse
MIRA ESTRELA,SP,623.436974789916,Baixo Repasse
RESSAQUINHA,MG,635.2185185185185,Baixo Repasse
MONTE DO CARMO,TO,723.5995115995116,Alto Repasse
NOVO HORIZONTE,SC,598.7575757575758,Baixo Repasse
SAO JOSE DA BOA VISTA,PR,684.4862637362637,Alto Repasse
SANTO ANTONIO DO JARDIM,SP,717.4549549549549,Alto Repasse
VARGEM GRANDE DO SUL,SP,707.2647249190939,Alto Repasse
ALGODAO DE JANDAIRA,PB,697.5728429985855,Alto Repasse
CHAPADAO DO SUL,MS,650.0687219010919,Baixo Repasse
DILERMANDO DE AGUIAR,RS,682.6727941176471,Alto Repasse
GUAIRA,SP,648.8,Baixo Repasse
BONITO DE MINAS,MG,691.3458244111349,Alto Repasse
TAIUVA,SP,624.9069767441861,Baixo Repasse
TACIBA,SP,643.5935114503817,Baixo Repasse
SULINA,PR,641.6647058823529,Baixo Repasse
TOME-ACU,PA,727.8556202344839,Alto Repasse
SANTA LUZIA,MG,644.3194474191475,Baixo Repasse
NOVA CAMPINA,SP,647.8565062388592,Baixo Repasse
TUFILANDIA,MA,735.0501105379514,Alto Repasse
PATO BRANCO,PR,633.609865470852,Baixo Repasse
GUATAMBU,SC,642.6761565836299,Baixo Repasse
BOTUCATU,SP,646.7163090730613,Baixo Repasse
AFONSO BEZERRA,RN,646.1255520504732,Baixo Repasse
ESPERANTINA,TO,699.9758269720102,Alto Repasse
OLHOS-D'AGUA,MG,645.8689591078067,Baixo Repasse
PATROCINIO,MG,649.8739275083173,Baixo Repasse
BURITI DO TOCANTINS,TO,708.0657894736842,Alto Repasse
MOJUI DOS CAMPOS,PA,696.4185867895545,Alto Repasse
NINA RODRIGUES,MA,746.4941575574821,Alto Repasse
FLORA RICA,SP,624.1111111111111,Baixo Repasse
BOA VIAGEM,CE,648.6461790616677,Baixo Repasse
SAMBAIBA,MA,694.5993404781533,Alto Repasse
CRUZILIA,MG,642.5070921985815,Baixo Repasse
SAO FRANCISCO DO PIAUI,PI,649.934144595562,Baixo Repasse
BALSAMO,SP,633.4496644295302,Baixo Repasse
BARCELOS,AM,774.7019420208275,Alto Repasse
SAO FRANCISCO,SP,617.2826086956521,Baixo Repasse
MIRADOURO,MG,612.9694868238557,Baixo Repasse
TORRINHA,SP,680.4356164383562,Alto Repasse
IBIAM,SC,682.511811023622,Alto Repasse
SAO FRANCISCO DE PAULA,MG,643.8753056234718,Baixo Repasse
VILA LANGARO,RS,530.6666666666666,Baixo Repasse
CAETANOS,BA,642.2563126945694,Baixo Repasse
ICARAIMA,PR,682.8494623655914,Alto Repasse
SANTO ANDRE,PB,648.2684426229508,Baixo Repasse
CRUZEIRO DO IGUACU,PR,639.263829787234,Baixo Repasse
MARIANO MORO,RS,687.0238095238095,Alto Repasse
LUIS DOMINGUES,MA,693.4148215092634,Alto Repasse
ITAQUIRAI,MS,633.9107843137255,Baixo Repasse
ITUVERAVA,SP,639.0405333333333,Baixo Repasse
MAMPITUBA,RS,685.5144032921811,Alto Repasse
SERRANOPOLIS,GO,683.8791593695272,Alto Repasse
GUAJARA,AM,757.8191971023242,Alto Repasse
JEQUITAI,MG,641.8788235294118,Baixo Repasse
JANAUBA,MG,646.931392151962,Baixo Repasse
PONTE PRETA,RS,698.75,Alto Repasse
PEABIRU,PR,646.8205128205128,Baixo Repasse
PALMEIRAIS,PI,689.1302259887005,Alto Repasse
PIRAJU,SP,684.5547191661841,Alto Repasse
RUBIATABA,GO,625.0552036199095,Baixo Repasse
MUQUEM DE SAO FRANCISCO,BA,694.7565251266069,Alto Repasse
CIPOTANEA,MG,634.5957746478873,Baixo Repasse
CUNHA PORA,SC,637.8820754716982,Baixo Repasse
MARABA PAULISTA,SP,635.0614525139665,Baixo Repasse
GODOFREDO VIANA,MA,710.2592771084337,Alto Repasse
DORES DO INDAIA,MG,640.1025641025641,Baixo Repasse
CEZARINA,GO,637.3624454148471,Baixo Repasse
CEDRO,PE,681.3495098039216,Alto Repasse
AMARGOSA,BA,642.4172306566672,Baixo Repasse
GONCALVES DIAS,MA,700.3105452532521,Alto Repasse
TERRA ALTA,PA,684.7865358592693,Alto Repasse
CASCAVEL,CE,647.8637912287061,Baixo Repasse
AMARANTE DO MARANHAO,MA,773.7648570510761,Alto Repasse
SANTA GERTRUDES,SP,623.2477272727273,Baixo Repasse
BOCAINA DO SUL,SC,650.6575757575757,Baixo Repasse
CATENDE,PE,649.7552372808892,Baixo Repasse
JANDAIRA,RN,681.7537848605577,Alto Repasse
ITAREMA,CE,694.1546066041582,Alto Repasse
WENCESLAU BRAZ,MG,635.3275109170306,Baixo Repasse
RUBIM,MG,637.7570518653321,Baixo Repasse
ITAGUARI,GO,632.9535452322739,Baixo Repasse
PEDRO REGIS,PB,688.9406986190089,Alto Repasse
MIRANDIBA,PE,684.0270106221548,Alto Repasse
SAO JOSE DE UBA,RJ,631.5642523364486,Baixo Repasse
WALL FERRAZ,PI,638.8098933074684,Baixo Repasse
INAJA,PR,637.2788461538462,Baixo Repasse
JUAZEIRINHO,PB,695.790841182202,Alto Repasse
EUCLIDES DA CUNHA PAULISTA,SP,648.7647058823529,Baixo Repasse
PRESIDENTE JUSCELINO,MA,725.9081920903955,Alto Repasse
BARRINHA,SP,683.6691701088997,Alto Repasse
VARGEM,SC,645.95,Baixo Repasse
SAO CARLOS,SC,646.4758064516129,Baixo Repasse
TERRA SANTA,PA,718.876457523598,Alto Repasse
SAO LOURENCO,MG,636.0919220055711,Baixo Repasse
AFONSO CUNHA,MA,740.7364718614718,Alto Repasse
MONTE ALEGRE,PA,706.6900566638205,Alto Repasse
PORTEL,PA,834.8425849968098,Alto Repasse
ARCEBURGO,MG,646.9152542372881,Baixo Repasse
QUIXABEIRA,BA,630.05910041841,Baixo Repasse
JARU,RO,643.092472511982,Baixo Repasse
GUARARA,MG,624.8876404494382,Baixo Repasse
SENADOR FIRMINO,MG,638.7394843962009,Baixo Repasse
CATOLE DO ROCHA,PB,642.407466952483,Baixo Repasse
PARAGOMINAS,PA,683.0961367133717,Alto Repasse
MARAVILHAS,MG,640.2282377919321,Baixo Repasse
COIVARAS,PI,681.8099547511313,Alto Repasse
LAGOA GRANDE DO MARANHAO,MA,732.4674037361799,Alto Repasse
CRUZALTENSE,RS,628.4615384615385,Baixo Repasse
ESMERALDA,RS,680.1826923076923,Alto Repasse
GUARINOS,GO,631.3991228070175,Baixo Repasse
VISTA ALEGRE DO PRATA,RS,699.1176470588235,Alto Repasse
LOUVEIRA,SP,649.0943279901356,Baixo Repasse
JACARE DOS HOMENS,AL,696.2484984984985,Alto Repasse
CAMPO NOVO DO PARECIS,MT,604.4838427947599,Baixo Repasse
SANTA RITA D'OESTE,SP,586.0,Baixo Repasse
COTEGIPE,BA,684.1651893634166,Alto Repasse
SANTANA DE CATAGUASES,MG,635.016348773842,Baixo Repasse
IOMERE,SC,572.6530612244898,Baixo Repasse
CALCADO,PE,682.9901800327332,Alto Repasse
CAVALCANTE,GO,708.2075085324232,Alto Repasse
DOUTOR RICARDO,RS,685.9761904761905,Alto Repasse
SENADOR JOSE PORFIRIO,PA,730.051339788336,Alto Repasse
LAGUNA,SC,643.893171061528,Baixo Repasse
CARATINGA,MG,630.4380729055639,Baixo Repasse
COMERCINHO,MG,647.8870229007633,Baixo Repasse
JUPI,PE,690.6175273865415,Alto Repasse
APERIBE,RJ,631.6021897810219,Baixo Repasse
ANTONIO DIAS,MG,621.8246268656717,Baixo Repasse
SAO FRANCISCO DO MARANHAO,MA,700.2367041198502,Alto Repasse
SAO JOAO DO JAGUARIBE,CE,638.0337768679632,Baixo Repasse
BALBINOS,SP,682.9136690647482,Alto Repasse
CAJAPIO,MA,689.4238778343359,Alto Repasse
ARACOIABA,CE,639.2107149594416,Baixo Repasse
TIGRINHOS,SC,626.3157894736842,Baixo Repasse
TORIXOREU,MT,646.0030211480363,Baixo Repasse
SAO BENTO DO SAPUCAI,SP,646.8947368421053,Baixo Repasse
MONTIVIDIU,GO,645.7658321060383,Baixo Repasse
ASSIS CHATEAUBRIAND,PR,641.3294036061027,Baixo Repasse
NEROPOLIS,GO,688.8690783807062,Alto Repasse
NOVO ARIPUANA,AM,739.7222647283857,Alto Repasse
CAIBATE,RS,633.1287128712871,Baixo Repasse
VERMELHO NOVO,MG,648.3267045454545,Baixo Repasse
ASSARE,CE,647.1277702832916,Baixo Repasse
MONTE ALEGRE DO PIAUI,PI,696.0064324591787,Alto Repasse
RIO SONO,TO,699.8252032520326,Alto Repasse
CURITIBA,PR,641.2897532357766,Baixo Repasse
SEVERIANO MELO,RN,638.5710764174199,Baixo Repasse
FREI MARTINHO,PB,640.2906815020863,Baixo Repasse
TAPAUA,AM,756.2459523809524,Alto Repasse
MANSIDAO,BA,682.3595432300164,Alto Repasse
SAO JOSE DO XINGU,MT,747.286214953271,Alto Repasse
NOVA BRESCIA,RS,692.1818181818181,Alto Repasse
SAO JOAO DO ITAPERIU,SC,709.5170454545455,Alto Repasse
RESTINGA,SP,681.2777777777778,Alto Repasse
FELIPE GUERRA,RN,618.4955357142857,Baixo Repasse
CARINHANHA,BA,686.3008584275786,Alto Repasse
RIO BONITO,RJ,639.7338576684003,Baixo Repasse
DOUTOR CAMARGO,PR,627.0581395348837,Baixo Repasse
BODOCO,PE,680.7798832081993,Alto Repasse
INDIAPORA,SP,622.226148409894,Baixo Repasse
JUTAI,AM,878.6680654637012,Alto Repasse
SAO JORGE DO IVAI,PR,549.9731182795699,Baixo Repasse
PEJUCARA,RS,681.1325301204819,Alto Repasse
MARCELINO RAMOS,RS,737.2727272727273,Alto Repasse
LAJEADO DO BUGRE,RS,686.1653116531165,Alto Repasse
JAQUIRANA,RS,694.545652173913,Alto Repasse
CANDIDO GODOI,RS,645.9117647058823,Baixo Repasse
CARANGOLA,MG,650.5107252298263,Baixo Repasse
UPANEMA,RN,630.5407407407407,Baixo Repasse
JANDIRA,SP,650.2367328103369,Baixo Repasse
SAO JOSE DO OURO,RS,626.124513618677,Baixo Repasse
ITABIRITO,MG,649.3057586837294,Baixo Repasse
ITACOATIARA,AM,733.0205483439082,Alto Repasse
FAXINAL,PR,684.0636777128005,Alto Repasse
MONTE ALEGRE DE SERGIPE,SE,683.7668172690763,Alto Repasse
ARACAI,MG,689.2331606217616,Alto Repasse
CASTANHEIRA,MT,690.6720977596741,Alto Repasse
LUPERCIO,SP,624.3030303030303,Baixo Repasse
GUAPIARA,SP,641.5997706422019,Baixo Repasse
SANTANA DO MANHUACU,MG,698.7377819548872,Alto Repasse
SAO DOMINGOS DO CAPIM,PA,701.6689170570405,Alto Repasse
JABOTICABAL,SP,647.844898953007,Baixo Repasse
PARANAPOEMA,PR,642.8859060402684,Baixo Repasse
FLOR DO SERTAO,SC,635.9655172413793,Baixo Repasse
PERITIBA,SC,611.6666666666666,Baixo Repasse
CAMPO ALEGRE DE LOURDES,BA,700.6649232914923,Alto Repasse
PARACAMBI,RJ,632.7554305360212,Baixo Repasse
TOMAZINA,PR,628.4526748971193,Baixo Repasse
MARACANA,PA,682.3282293986637,Alto Repasse
VITORIA BRASIL,SP,586.0892857142857,Baixo Repasse
GOVERNADOR EDISON LOBAO,MA,681.2515400410678,Alto Repasse
BALNEARIO PICARRAS,SC,695.4274867122248,Alto Repasse
GALINHOS,RN,620.9560117302053,Baixo Repasse
CHUI,RS,699.09375,Alto Repasse
BAGRE,PA,790.2102762625374,Alto Repasse
POTIRETAMA,CE,645.5970394736842,Baixo Repasse
AREIA BRANCA,RN,637.3047006155568,Baixo Repasse
PEROBAL,PR,704.9107142857143,Alto Repasse
PRESIDENTE CASTELLO BRANCO,SC,729.5294117647059,Alto Repasse
TUNAPOLIS,SC,614.2765957446809,Baixo Repasse
ITAGUAJE,PR,722.6666666666666,Alto Repasse
SALES,SP,642.4722753346081,Baixo Repasse
OURICURI,PE,683.8919508153833,Alto Repasse
PAULO FRONTIN,PR,685.5878378378378,Alto Repasse
ERVAL GRANDE,RS,687.4553072625698,Alto Repasse
NOVA GUARITA,MT,636.6015625,Baixo Repasse
BRAGANCA PAULISTA,SP,641.8572558323448,Baixo Repasse
SAO MIGUEL ARCANJO,SP,636.173861620343,Baixo Repasse
NOVA OLINDA,TO,689.9637377963738,Alto Repasse
TEOLANDIA,BA,680.9412997903564,Alto Repasse
ARACU,GO,683.9050131926122,Alto Repasse
SANTA SALETE,SP,627.2884615384615,Baixo Repasse
LIBERATO SALZANO,RS,685.7098976109215,Alto Repasse
SALITRE,CE,692.1734523145566,Alto Repasse
SANTA LUZIA DO PARUA,MA,690.5931623931624,Alto Repasse
PAULA FREITAS,PR,692.2766570605187,Alto Repasse
DOIS VIZINHOS,PR,648.210489014883,Baixo Repasse
BORA,SP,629.4042553191489,Baixo Repasse
BOM JESUS DA LAPA,BA,687.5589604344453,Alto Repasse
LONTRA,MG,647.2317301686446,Baixo Repasse
ITAICABA,CE,638.9151515151515,Baixo Repasse
PEDRA DOURADA,MG,644.8463356973996,Baixo Repasse
DOM PEDRO DE ALCANTARA,RS,704.7982456140351,Alto Repasse
AGUAS BELAS,PE,690.2444013258954,Alto Repasse
SERIO,RS,532.7142857142857,Baixo Repasse
DOUTOR PEDRINHO,SC,650.7142857142857,Baixo Repasse
ARROIO TRINTA,SC,688.6944444444445,Alto Repasse
MATRINCHA,GO,641.1073825503356,Baixo Repasse
INDEPENDENCIA,RS,690.258064516129,Alto Repasse
GAVIAO,BA,641.1338264963013,Baixo Repasse
CASTANHEIRAS,RO,685.1069958847737,Alto Repasse
CONTENDA,PR,693.8230543318649,Alto Repasse
PIRACANJUBA,GO,682.1310303752233,Alto Repasse
TURIUBA,SP,696.6266666666667,Alto Repasse
CRUZEIRO DO SUL,PR,644.1627906976744,Baixo Repasse
SAO BRAS,AL,683.9166666666666,Alto Repasse
GURINHATA,MG,647.2077087794432,Baixo Repasse
SANTA MARIA DO SALTO,MG,639.445278969957,Baixo Repasse
GUARANI,MG,646.6632200886263,Baixo Repasse
SANTO ANTONIO DOS MILAGRES,PI,685.3727272727273,Alto Repasse
DORES DO TURVO,MG,630.2240740740741,Baixo Repasse
CAIAPONIA,GO,642.8084848484848,Baixo Repasse
ESPUMOSO,RS,696.5177865612649,Alto Repasse
NOVA FATIMA,BA,650.5449735449736,Baixo Repasse
SAO JOAO DO TRIUNFO,PR,640.4855305466237,Baixo Repasse
MATOES DO NORTE,MA,699.1166666666667,Alto Repasse
SALVATERRA,PA,682.6275641025641,Alto Repasse
CAMARGO,RS,735.5777777777778,Alto Repasse
NOVO ALEGRE,TO,647.4153225806451,Baixo Repasse
NOVA SANTA BARBARA,PR,643.9728997289973,Baixo Repasse
NOVA NAZARE,MT,774.7768187422935,Alto Repasse
CAMAMU,BA,691.2844664434416,Alto Repasse
IBIRA,SP,646.3737769080235,Baixo Repasse
AFONSO CLAUDIO,ES,616.3824717285945,Baixo Repasse
ALTO SANTO,CE,649.1507352941177,Baixo Repasse
CRISTALINA,GO,688.9213018770449,Alto Repasse
COARI,AM,749.9669534610872,Alto Repasse
PONTES GESTAL,SP,640.1923076923077,Baixo Repasse
FELIZ DESERTO,AL,687.3616187989556,Alto Repasse
ALTAMIRA DO MARANHAO,MA,682.9551020408163,Alto Repasse
PARANAIBA,MS,648.6056051990251,Baixo Repasse
ITAITUBA,PA,708.4489905626568,Alto Repasse
GOIANA,MG,628.012987012987,Baixo Repasse
ITUMIRIM,MG,638.4146685472497,Baixo Repasse
SALGADO FILHO,PR,622.3777777777777,Baixo Repasse
CABECEIRA GRANDE,MG,680.9841772151899,Alto Repasse
PESCARIA BRAVA,SC,626.8317307692307,Baixo Repasse
SAUBARA,BA,634.8515003061849,Baixo Repasse
MATHIAS LOBATO,MG,642.9546875,Baixo Repasse
GOIATINS,TO,763.1923252626771,Alto Repasse
SANTO ANTONIO DOS LOPES,MA,694.1034694504145,Alto Repasse
PLANALTO,SP,588.5302325581396,Baixo Repasse
MATINHAS,PB,688.0183189655172,Alto Repasse
CORUMBIARA,RO,646.1448763250884,Baixo Repasse
ALPINOPOLIS,MG,692.9090909090909,Alto Repasse
JAPIRA,PR,647.4595588235294,Baixo Repasse
ARVOREDO,SC,627.3214285714286,Baixo Repasse
NOVA PADUA,RS,640.8333333333334,Baixo Repasse
NOVO ITACOLOMI,PR,643.0518867924528,Baixo Repasse
DIRCE REIS,SP,560.560975609756,Baixo Repasse
SAO DOMINGOS DE POMBAL,PB,646.5932203389831,Baixo Repasse
VAZANTE,MG,650.5190615835777,Baixo Repasse
SANTA QUITERIA DO MARANHAO,MA,716.4799420009666,Alto Repasse
IPUBI,PE,701.4537803138373,Alto Repasse
MEDICILANDIA,PA,698.2670963684956,Alto Repasse
IBARAMA,RS,602.8883928571429,Baixo Repasse
CORRENTE,PI,680.698187732342,Alto Repasse
BRAUNA,SP,693.142566191446,Alto Repasse
TIRADENTES,MG,649.3542274052478,Baixo Repasse
SANTA FE DE GOIAS,GO,685.6010230179028,Alto Repasse
PIRENOPOLIS,GO,635.0961775585697,Baixo Repasse
MARECHAL THAUMATURGO,AC,780.4343007915568,Alto Repasse
RIBAS DO RIO PARDO,MS,617.5859504132231,Baixo Repasse
MATEUS LEME,MG,650.4427710843373,Baixo Repasse
SANTANOPOLIS,BA,645.7495674740485,Baixo Repasse
POPULINA,SP,625.4041095890411,Baixo Repasse
ARCOVERDE,PE,682.9079279582562,Alto Repasse
BORBOREMA,SP,631.9810344827587,Baixo Repasse
ERVAL VELHO,SC,589.9090909090909,Baixo Repasse
SAO JOAO DO SOTER,MA,727.8039912520503,Alto Repasse
LAGO DOS RODRIGUES,MA,691.4971461187215,Alto Repasse
DIAMANTINO,MT,643.9448345035105,Baixo Repasse
SEBASTIAO LEAL,PI,680.8454440599769,Alto Repasse
GOIANESIA,GO,648.9492537313433,Baixo Repasse
IGUARACU,PR,645.3429752066115,Baixo Repasse
SAO JOAO DO IVAI,PR,632.4539295392954,Baixo Repasse
SANTA HELENA,PB,644.2826225334182,Baixo Repasse
ASCURRA,SC,725.7947368421053,Alto Repasse
MUQUI,ES,650.51677852349,Baixo Repasse
PIANCO,PB,641.8689207966652,Baixo Repasse
PIMENTA,MG,642.6815144766147,Baixo Repasse
MORTUGABA,BA,648.0441817050405,Baixo Repasse
ARMAZEM,SC,710.5548387096774,Alto Repasse
AMAPORA,PR,681.6446280991736,Alto Repasse
PARAI,RS,638.741935483871,Baixo Repasse
VEREDINHA,MG,643.2198221092757,Baixo Repasse
ITAPIRA,SP,637.013731060606,Baixo Repasse
PALMEIRA D'OESTE,SP,627.7796610169491,Baixo Repasse
GETULIO VARGAS,RS,718.4035608308606,Alto Repasse
SENADOR ALEXANDRE COSTA,MA,716.4458193979933,Alto Repasse
PINHEIRO MACHADO,RS,644.1114435302917,Baixo Repasse
IRITUIA,PA,686.2965252874984,Alto Repasse
SUZANAPOLIS,SP,623.9010416666666,Baixo Repasse
GUABIRUBA,SC,686.6588050314465,Alto Repasse
TRES DE MAIO,RS,646.1391147244806,Baixo Repasse
SAO JOAO DO OESTE,SC,643.5675675675676,Baixo Repasse
PAJEU DO PIAUI,PI,639.0594227504245,Baixo Repasse
CAPUTIRA,MG,686.9240506329114,Alto Repasse
PINDAI,BA,639.3461538461538,Baixo Repasse
MELGACO,PA,828.2197267158788,Alto Repasse
SANTO ANGELO,RS,681.2007070981779,Alto Repasse
LINHARES,ES,637.5847276386967,Baixo Repasse
LENCOIS PAULISTA,SP,642.188770053476,Baixo Repasse
JOINVILLE,SC,650.0267507886435,Baixo Repasse
ARARENDA,CE,649.8522537562604,Baixo Repasse
JALES,SP,625.0074712643678,Baixo Repasse
TACARATU,PE,681.2352213702696,Alto Repasse
APICUM-ACU,MA,688.491015625,Alto Repasse
TABATINGA,AM,807.4118083921277,Alto Repasse
PINTO BANDEIRA,RS,732.075,Alto Repasse
TAPARUBA,MG,635.1057142857143,Baixo Repasse
JOCA MARQUES,PI,685.8057553956835,Alto Repasse
SANTA LUZIA DO NORTE,AL,690.0107858243451,Alto Repasse
ANTA GORDA,RS,720.695652173913,Alto Repasse
TERRA DE AREIA,RS,693.0151024811219,Alto Repasse
SENADOR JOSE BENTO,MG,612.3942307692307,Baixo Repasse
CRUZ DAS ALMAS,BA,645.3731727498391,Baixo Repasse
SAO FELIPE D'OESTE,RO,641.0917874396135,Baixo Repasse
EUGENOPOLIS,MG,638.7801418439716,Baixo Repasse
CHAPADA GAUCHA,MG,685.2860738255033,Alto Repasse
INACIO MARTINS,PR,689.4388843314192,Alto Repasse
SETUBINHA,MG,695.8781925343811,Alto Repasse
RIBEIRAO PIRES,SP,649.0144028805761,Baixo Repasse
CARVALHOS,MG,646.2462908011869,Baixo Repasse
GOIAS,GO,645.3109589041096,Baixo Repasse
ANAPURUS,MA,718.4565271241021,Alto Repasse
CURVELO,MG,642.9059013505579,Baixo Repasse
AGUAS DE SAO PEDRO,SP,606.8591549295775,Baixo Repasse
SAO BENTO ABADE,MG,629.8747855917667,Baixo Repasse
LEOPOLDO DE BULHOES,GO,693.6497354497354,Alto Repasse
ISRAELANDIA,GO,641.4764542936288,Baixo Repasse
ARARICA,RS,685.2366589327146,Alto Repasse
PRACINHA,SP,650.8232323232323,Baixo Repasse
SENA MADUREIRA,AC,716.6854429696773,Alto Repasse
PORTELANDIA,GO,688.8005319148937,Alto Repasse
BOCAINA DE MINAS,MG,642.6528704939919,Baixo Repasse
BURITI,MA,729.2966689326988,Alto Repasse
CIDADE GAUCHA,PR,608.7704918032787,Baixo Repasse
NOVA LACERDA,MT,706.331499312242,Alto Repasse
PAPANDUVA,SC,632.5194585448393,Baixo Repasse
CAPELA,AL,680.2160407974038,Alto Repasse
ELISIO MEDRADO,BA,647.8600451467269,Baixo Repasse
CONSOLACAO,MG,637.8632478632478,Baixo Repasse
PAROBE,RS,694.3242684008277,Alto Repasse
SAO LUIS GONZAGA DO MARANHAO,MA,684.9529788939353,Alto Repasse
NOVA ERECHIM,SC,710.5117647058823,Alto Repasse
PILOES,PB,691.5852631578947,Alto Repasse
CAMPINAS DO SUL,RS,726.0271739130435,Alto Repasse
COLORADO,PR,648.8210116731517,Baixo Repasse
IPANGUACU,RN,639.5991714137753,Baixo Repasse
SAO JOSE DO JACUIPE,BA,642.4891191709845,Baixo Repasse
MORROS,MA,719.291307232913,Alto Repasse
SANTA MARIA,RS,682.2831459246554,Alto Repasse
VIRADOURO,SP,691.0649350649351,Alto Repasse
AREIAS,SP,680.8533007334963,Alto Repasse
ARAQUARI,SC,685.0102131438721,Alto Repasse
SAO PEDRO DO IVAI,PR,645.1470137825421,Baixo Repasse
SANTA TEREZA DO OESTE,PR,687.6086486486487,Alto Repasse
SANTA TEREZINHA,SC,635.0240963855422,Baixo Repasse
ZE DOCA,MA,697.9186781980121,Alto Repasse
CACIMBA DE DENTRO,PB,681.0034423407917,Alto Repasse
GUARAPUAVA,PR,684.4726005701615,Alto Repasse
ALAGOINHA,PB,681.3235855054037,Alto Repasse
MAGDA,SP,605.7540983606557,Baixo Repasse
VILA VALERIO,ES,694.4204834605598,Alto Repasse
LINHA NOVA,RS,622.9411764705883,Baixo Repasse
MANHUMIRIM,MG,644.1626742938863,Baixo Repasse
SANTA FE,PR,598.852233676976,Baixo Repasse
SAGRES,SP,600.2753623188406,Baixo Repasse
NOVA RUSSAS,CE,680.1768090285461,Alto Repasse
PONTA PORA,MS,701.7819825501945,Alto Repasse
LOBATO,PR,641.3882352941176,Baixo Repasse
MOEDA,MG,601.1435523114355,Baixo Repasse
CAJOBI,SP,630.2112970711297,Baixo Repasse
CERES,GO,640.2869080779944,Baixo Repasse
CAMACHO,MG,684.9875776397515,Alto Repasse
DARCINOPOLIS,TO,688.8751248751249,Alto Repasse
CAPARAO,MG,682.626400996264,Alto Repasse
MUNHOZ,MG,698.1263157894737,Alto Repasse
PEDRO DO ROSARIO,MA,697.3773466045105,Alto Repasse
BALNEARIO RINCAO,SC,694.1016299137104,Alto Repasse
RAUL SOARES,MG,637.3647887323943,Baixo Repasse
AURILANDIA,GO,631.7380952380952,Baixo Repasse
FORMIGA,MG,638.4890254609306,Baixo Repasse
ARARUNA,PB,680.1912729658793,Alto Repasse
CANDIBA,BA,650.1533305404273,Baixo Repasse
IBIACA,RS,694.9540229885057,Alto Repasse
POCOS DE CALDAS,MG,646.3403079352546,Baixo Repasse
GOVERNADOR EUGENIO BARROS,MA,688.1533073929961,Alto Repasse
IPEUNA,SP,639.084375,Baixo Repasse
JECEABA,MG,631.7731277533039,Baixo Repasse
CATOLANDIA,BA,688.7389443651925,Alto Repasse
PIRATUBA,SC,630.5396825396825,Baixo Repasse
SENADOR GUIOMARD,AC,687.6259587020648,Alto Repasse
JARAGUARI,MS,685.6180758017492,Alto Repasse
ALPESTRE,RS,598.9090909090909,Baixo Repasse
CEU AZUL,PR,645.234693877551,Baixo Repasse
SAO RAFAEL,RN,647.3010396975425,Baixo Repasse
CARRASCO BONITO,TO,732.7545638945234,Alto Repasse
NOVA ALVORADA,RS,648.1486486486486,Baixo Repasse
MORRINHOS DO SUL,RS,650.1739130434783,Baixo Repasse
ARAGUACEMA,TO,681.5750873108266,Alto Repasse
CRAIBAS,AL,687.026458734887,Alto Repasse
BOM JESUS DO TOCANTINS,TO,685.0043859649123,Alto Repasse
OSCAR BRESSANE,SP,605.7322834645669,Baixo Repasse
VERA CRUZ,RN,683.290944123314,Alto Repasse
APUI,AM,694.4864061172473,Alto Repasse
CARLOS CHAGAS,MG,644.6162845109967,Baixo Repasse
GUATAPARA,SP,685.9815837937385,Alto Repasse
FLORESTAL,MG,636.368778280543,Baixo Repasse
CEREJEIRAS,RO,696.3590381426202,Alto Repasse
ANTONIO PRADO,RS,645.013986013986,Baixo Repasse
SAO JOAQUIM,SC,644.8010471204188,Baixo Repasse
GARUVA,SC,638.2105263157895,Baixo Repasse
FLORES DE GOIAS,GO,681.5927835051547,Alto Repasse
SANTA ISABEL DO RIO NEGRO,AM,804.9098516546215,Alto Repasse
LIZARDA,TO,734.4767932489451,Alto Repasse
BOCAIUVA DO SUL,PR,684.26,Alto Repasse
ARROIO DOS RATOS,RS,700.9473684210526,Alto Repasse
PORTEIRINHA,MG,647.2833545108006,Baixo Repasse
VITORIA DA CONQUISTA,BA,650.8043349286081,Baixo Repasse
SAO JOAO D'ALIANCA,GO,689.0494350282486,Alto Repasse
RODRIGUES ALVES,AC,753.9864267676768,Alto Repasse
BARRA LONGA,MG,622.6439628482972,Baixo Repasse
JUARINA,TO,692.372,Alto Repasse
RIQUEZA,SC,640.4125874125874,Baixo Repasse
SOLEDADE DE MINAS,MG,590.8013698630137,Baixo Repasse
ITAIPULANDIA,PR,647.3883495145631,Baixo Repasse
RONCADOR,PR,623.7266666666667,Baixo Repasse
RIO MANSO,MG,649.402697495183,Baixo Repasse
CHAPADA DA NATIVIDADE,TO,702.1913043478261,Alto Repasse
DIVINO,MG,643.852534562212,Baixo Repasse
SALTO DO CEU,MT,636.045918367347,Baixo Repasse
GUARANIACU,PR,627.8691796008869,Baixo Repasse
NOVA OLINDA,CE,686.84625158831,Alto Repasse
PENDENCIAS,RN,639.8282873926796,Baixo Repasse
BORACEIA,SP,647.051094890511,Baixo Repasse
FATIMA DO SUL,MS,626.2560073937153,Baixo Repasse
SAO PEDRO DA UNIAO,MG,695.1506493506494,Alto Repasse
NHAMUNDA,AM,725.1417357174008,Alto Repasse
AMAPA,AP,721.0248604769153,Alto Repasse
POCO DE JOSE DE MOURA,PB,646.1047904191616,Baixo Repasse
ASSIS BRASIL,AC,810.0745542949757,Alto Repasse
IPIACU,MG,646.302380952381,Baixo Repasse
BREJO DE AREIA,MA,718.8225068618481,Alto Repasse
CAXAMBU,MG,644.1544256120527,Baixo Repasse
SALINOPOLIS,PA,683.6354231006794,Alto Repasse
WENCESLAU BRAZ,PR,682.5202661826982,Alto Repasse
JOSELANDIA,MA,706.5689544579859,Alto Repasse
ITAPURANGA,GO,647.010034904014,Baixo Repasse
DOIS IRMAOS DAS MISSOES,RS,649.3098591549295,Baixo Repasse
SANTIAGO DO SUL,SC,716.1739130434783,Alto Repasse
SENADOR CORTES,MG,629.9367088607595,Baixo Repasse
VARZEA GRANDE,PI,640.5981308411215,Baixo Repasse
ILHA SOLTEIRA,SP,629.2693602693603,Baixo Repasse
FAZENDA VILANOVA,RS,680.0329218106996,Alto Repasse
UNIAO DO OESTE,SC,548.741935483871,Baixo Repasse
SANTA ADELIA,SP,650.9196428571429,Baixo Repasse
PRESIDENTE KENNEDY,TO,645.703488372093,Baixo Repasse
ESTRELA DO NORTE,SP,637.8252427184466,Baixo Repasse
RINOPOLIS,SP,600.3311688311688,Baixo Repasse
OROCO,PE,684.5292404756127,Alto Repasse
INDIAVAI,MT,649.6700507614213,Baixo Repasse
JUSSIAPE,BA,644.4651924651924,Baixo Repasse
JOSE DA PENHA,RN,648.0029126213592,Baixo Repasse
AUGUSTO CORREA,PA,697.6271186440678,Alto Repasse
BRANQUINHA,AL,693.396928804095,Alto Repasse
SANTA BARBARA,BA,650.6664922379208,Baixo Repasse
PICARRA,PA,697.8993218570683,Alto Repasse
RIO VERDE,GO,643.3986866049529,Baixo Repasse
SOLIDAO,PE,683.6649377593361,Alto Repasse
PRACUUBA,AP,706.2621492128679,Alto Repasse
MATEIROS,TO,727.7203947368421,Alto Repasse
SANTANA,AP,700.2013308402992,Alto Repasse
COLIDER,MT,633.6918806384455,Baixo Repasse
ITUMBIARA,GO,684.4782760425754,Alto Repasse
FLORIDA,PR,617.1918604651163,Baixo Repasse
SANTO ANTONIO DO TAUA,PA,685.8680235331532,Alto Repasse
GUARANI DE GOIAS,GO,633.4172077922078,Baixo Repasse
BOM JESUS DO ARAGUAIA,MT,703.8870967741935,Alto Repasse
PAI PEDRO,MG,650.6424870466321,Baixo Repasse
GRAMADO DOS LOUREIROS,RS,715.0846153846154,Alto Repasse
NOVA IPIXUNA,PA,714.5196241017137,Alto Repasse
TEFE,AM,780.7005133253639,Alto Repasse
IGARAPE DO MEIO,MA,716.4425779910868,Alto Repasse
ENGENHEIRO BELTRAO,PR,637.7378277153558,Baixo Repasse
TOLEDO,PR,647.5362198168193,Baixo Repasse
NOVA MARINGA,MT,732.2028571428572,Alto Repasse
PRANCHITA,PR,648.4190871369294,Baixo Repasse
CANARANA,MT,695.1032947462155,Alto Repasse
PAULINIA,SP,650.6464332036317,Baixo Repasse
BRAS PIRES,MG,648.2565789473684,Baixo Repasse
PIRATININGA,SP,634.4558521560575,Baixo Repasse
IGREJINHA,RS,697.6935286935287,Alto Repasse
VICOSA,AL,681.3625880845611,Alto Repasse
CIDELANDIA,MA,702.7511891694108,Alto Repasse
BARCARENA,PA,688.0418367346939,Alto Repasse
HUMBERTO DE CAMPOS,MA,751.8111338797814,Alto Repasse
SANTO ANTONIO DO LESTE,MT,743.1358974358974,Alto Repasse
PASSIRA,PE,650.5549754299755,Baixo Repasse
CAPINZAL DO NORTE,MA,691.0937238493724,Alto Repasse
PEDRINHAS PAULISTA,SP,637.7720588235294,Baixo Repasse
NOVA BOA VISTA,RS,634.4583333333334,Baixo Repasse
COSTA RICA,MS,698.4469996406756,Alto Repasse
BOREBI,SP,703.3811659192825,Alto Repasse
NAZARIO,GO,648.2485207100592,Baixo Repasse
GAMELEIRA,PE,646.6136059621632,Baixo Repasse
ANICUNS,GO,624.5151342090234,Baixo Repasse
SANTO AMARO,BA,643.6991857063799,Baixo Repasse
AXIXA DO TOCANTINS,TO,719.8792700046795,Alto Repasse
ALMEIRIM,PA,725.7340988064662,Alto Repasse
ABAIRA,BA,638.6426592797784,Baixo Repasse
MARAPANIM,PA,689.5731587561374,Alto Repasse
ALEGRETE,RS,680.8888036809816,Alto Repasse
MARCELINO VIEIRA,RN,647.9148264984227,Baixo Repasse
MATIAS CARDOSO,MG,681.446075303127,Alto Repasse
PADRE BERNARDO,GO,689.4518911745189,Alto Repasse
CEDRO DE SAO JOAO,SE,643.1512953367876,Baixo Repasse
LARANJAL DO JARI,AP,683.8648359008707,Alto Repasse
PIRANHAS,GO,625.6746411483253,Baixo Repasse
IPORA,PR,638.3157894736842,Baixo Repasse
SAO MIGUEL DO TOCANTINS,TO,689.1903873075129,Alto Repasse
NOVA ARACA,RS,681.0526315789474,Alto Repasse
SEM-PEIXE,MG,636.452229299363,Baixo Repasse
MARABA,PA,697.7010986917312,Alto Repasse
INIMUTABA,MG,640.7605633802817,Baixo Repasse
SAO SIMAO,SP,650.9350282485875,Baixo Repasse
MUCURI,BA,644.4611164122138,Baixo Repasse
CENTRO NOVO DO MARANHAO,MA,738.7675932882545,Alto Repasse
ARAUJOS,MG,688.5772532188842,Alto Repasse
RIBAMAR FIQUENE,MA,701.1725452812202,Alto Repasse
SAO JOAO DEL REI,MG,640.4037956793862,Baixo Repasse
TAGUAI,SP,646.3923267326733,Baixo Repasse
JURUA,AM,745.3489223261488,Alto Repasse
GAVIAO PEIXOTO,SP,646.5204081632653,Baixo Repasse
MAGALHAES DE ALMEIDA,MA,691.8988416988417,Alto Repasse
BRASILANDIA DO TOCANTINS,TO,628.6323987538941,Baixo Repasse
OLIVEDOS,PB,649.2552870090634,Baixo Repasse
MARCACAO,PB,698.3968871595331,Alto Repasse
PRESIDENTE JUSCELINO,MG,633.3166666666667,Baixo Repasse
CORONEL PILAR,RS,718.7777777777778,Alto Repasse
MANACAPURU,AM,729.3562069625095,Alto Repasse
CAMPINA VERDE,MG,616.5353675450763,Baixo Repasse
FEIJO,AC,778.704268292683,Alto Repasse
CORBELIA,PR,574.6931216931217,Baixo Repasse
BERTOPOLIS,MG,688.9371316306483,Alto Repasse
MONTE CARLO,SC,600.909594095941,Baixo Repasse
CAMPESTRE DO MARANHAO,MA,688.589757412399,Alto Repasse
JAUPACI,GO,617.2262295081968,Baixo Repasse
PIQUET CARNEIRO,CE,643.636329588015,Baixo Repasse
GUANAMBI,BA,634.4717912048624,Baixo Repasse
COTIPORA,RS,623.0416666666666,Baixo Repasse
SAO LOURENCO DO PIAUI,PI,644.3918181818182,Baixo Repasse
FLORES DA CUNHA,RS,685.0677290836653,Alto Repasse
MACHADINHO,RS,622.9356725146199,Baixo Repasse
COMENDADOR GOMES,MG,618.6024590163935,Baixo Repasse
SARANDI,RS,687.9308125502815,Alto Repasse
SABINO,SP,645.4203389830509,Baixo Repasse
JOAO ALFREDO,PE,649.3234802007809,Baixo Repasse
BOM JESUS,RS,691.5421836228288,Alto Repasse
CARMO DO RIO CLARO,MG,530.782866836302,Baixo Repasse
GENTIO DO OURO,BA,643.8057477381586,Baixo Repasse
PARANA,RN,648.1901893287436,Baixo Repasse
MINEIROS,GO,640.3611738148984,Baixo Repasse
IGUATAMA,MG,636.568281938326,Baixo Repasse
IVORA,RS,641.3283582089553,Baixo Repasse
ESPIGAO D'OESTE,RO,634.4364508393286,Baixo Repasse
URUSSANGA,SC,636.0596590909091,Baixo Repasse
TAVARES,RS,691.3940774487471,Alto Repasse
ITAPECURU MIRIM,MA,705.8042379471228,Alto Repasse
MONJOLOS,MG,604.4320987654321,Baixo Repasse
ANTONIO JOAO,MS,681.9261992619926,Alto Repasse
BELA VISTA DE GOIAS,GO,685.1176873075607,Alto Repasse
GODOY MOREIRA,PR,639.0568181818181,Baixo Repasse
REALEZA,PR,649.3544303797469,Baixo Repasse
ALVINOPOLIS,MG,649.6138211382114,Baixo Repasse
SAO JOAO DO MANTENINHA,MG,642.0694610778443,Baixo Repasse
LOANDA,PR,629.4626865671642,Baixo Repasse
SERTANEJA,PR,632.0286885245902,Baixo Repasse
MOITA BONITA,SE,648.0071355759429,Baixo Repasse
BRACO DO NORTE,SC,680.7849017580145,Alto Repasse
DIRCEU ARCOVERDE,PI,681.12187299551,Alto Repasse
IPIRANGA DO SUL,RS,625.3571428571429,Baixo Repasse
CARMO,RJ,645.0899581589958,Baixo Repasse
RIBEIRAO DO PINHAL,PR,644.518581081081,Baixo Repasse
PIRANGA,MG,641.5007792207792,Baixo Repasse
CANGUCU,RS,649.1040189125296,Baixo Repasse
BARRA DO CORDA,MA,690.3212705024733,Alto Repasse
BARROSO,MG,647.3847980997625,Baixo Repasse
SAIRE,PE,644.6459968602826,Baixo Repasse
AMERICO DE CAMPOS,SP,639.4764705882353,Baixo Repasse
SAO MATEUS DO SUL,PR,569.1843665768195,Baixo Repasse
PORTO UNIAO,SC,638.7362318840579,Baixo Repasse
MORRO CABECA NO TEMPO,PI,686.1296928327645,Alto Repasse
SAO JOSE DO CALCADO,ES,645.1714824120603,Baixo Repasse
TRIUNFO,RS,680.1202010968922,Alto Repasse
BONFIM,RR,745.5096289337718,Alto Repasse
ITANHANGA,MT,701.5449735449736,Alto Repasse
SANTANA DO ITARARE,PR,638.6826666666667,Baixo Repasse
PERIQUITO,MG,633.7546699875467,Baixo Repasse
ITAPURA,SP,650.3393316195372,Baixo Repasse
MATINHA,MA,688.8076484947112,Alto Repasse
SANTA ROSA DO SUL,SC,689.7102473498234,Alto Repasse
DOM SILVERIO,MG,646.935,Baixo Repasse
CHAPADINHA,MA,686.5042321644498,Alto Repasse
AMONTADA,CE,688.2091893085928,Alto Repasse
TARABAI,SP,641.8918918918919,Baixo Repasse
IPUIUNA,MG,628.4901477832512,Baixo Repasse
NOVA OLINDA DO NORTE,AM,733.4332009531374,Alto Repasse
SERRA CAIADA (EX-PRESIDENTE JUSCELINO),RN,687.7505154639175,Alto Repasse
GLORIA DE DOURADOS,MS,646.4564102564102,Baixo Repasse
BACABAL,MA,680.9692121467291,Alto Repasse
JACINTO MACHADO,SC,682.1648044692737,Alto Repasse
SENADOR GEORGINO AVELINO,RN,687.6037151702786,Alto Repasse
ADELANDIA,GO,639.0922330097087,Baixo Repasse
TAPIRAI,SP,686.5926860025221,Alto Repasse
IRAUCUBA,CE,680.1653819201122,Alto Repasse
GUAJERU,BA,632.0569948186528,Baixo Repasse
NOVA CANAA DO NORTE,MT,604.8598848368522,Baixo Repasse
ITARUMA,GO,687.6830985915493,Alto Repasse
TOCANTINOPOLIS,TO,695.3415112855741,Alto Repasse
TACURU,MS,680.99171107164,Alto Repasse
SIRIRI,SE,683.99423815621,Alto Repasse
VACARIA,RS,693.4019969611461,Alto Repasse
JUNCO DO MARANHAO,MA,713.2926136363636,Alto Repasse
ELDORADO DO SUL,RS,691.4179704016914,Alto Repasse
CRAVINHOS,SP,643.2578378378379,Baixo Repasse
DOM AQUINO,MT,701.6145038167939,Alto Repasse
ATALANTA,SC,690.25,Alto Repasse
RIO CLARO,SP,645.2348281016442,Baixo Repasse
GOIABEIRA,MG,648.356783919598,Baixo Repasse
SANTO ANTONIO DO CAIUA,PR,628.8955223880597,Baixo Repasse
VARZEA GRANDE,MT,697.6883844116534,Alto Repasse
BOM RETIRO DO SUL,RS,682.4640198511166,Alto Repasse
VISTA ALEGRE DO ALTO,SP,728.8897338403042,Alto Repasse
XAXIM,SC,681.4781395348837,Alto Repasse
ECOPORANGA,ES,638.6118836915297,Baixo Repasse
MAGALHAES BARATA,PA,683.3483523873571,Alto Repasse
LAURO DE FREITAS,BA,650.4831684686757,Baixo Repasse
VILA FLORES,RS,702.1612903225806,Alto Repasse
SAO JOAO DA FRONTEIRA,PI,692.4870759289176,Alto Repasse
FREDERICO WESTPHALEN,RS,696.8847262247839,Alto Repasse
SERRA AZUL DE MINAS,MG,687.5780346820809,Alto Repasse
PAULO RAMOS,MA,709.3179590017826,Alto Repasse
ANDORINHA,BA,650.0927218344965,Baixo Repasse
GOIANIRA,GO,680.2168585220943,Alto Repasse
MOREIRA SALES,PR,645.2596380802518,Baixo Repasse
OROS,CE,646.5307177033493,Baixo Repasse
MIGUEL LEAO,PI,638.0628019323672,Baixo Repasse
OURIZONA,PR,645.375,Baixo Repasse
ANCHIETA,SC,640.3627450980392,Baixo Repasse
ARACAS,BA,646.6461232604373,Baixo Repasse
LAGOA GRANDE,MG,626.0177439797212,Baixo Repasse
NOBRES,MT,693.4690807799443,Alto Repasse
SANTA RITA DO TRIVELATO,MT,726.0614886731391,Alto Repasse
COLONIA LEOPOLDINA,AL,684.1669156883671,Alto Repasse
CACONDE,SP,649.0650128314799,Baixo Repasse
ICARAI DE MINAS,MG,680.176758409786,Alto Repasse
APIUNA,SC,711.82,Alto Repasse
AGUA DOCE DO NORTE,ES,680.1740963855422,Alto Repasse
COROACI,MG,635.1350482315113,Baixo Repasse
MUNIZ FREIRE,ES,685.0307354555433,Alto Repasse
MARAGOGIPE,BA,639.7101385721803,Baixo Repasse
SAO MIGUEL DO OESTE,SC,680.7219069239501,Alto Repasse
LAFAIETE COUTINHO,BA,630.4205748865355,Baixo Repasse
ORATORIOS,MG,622.8233618233618,Baixo Repasse
CANDEIAS,MG,618.8540816326531,Baixo Repasse
OLARIA,MG,629.2929292929293,Baixo Repasse
SAO TOME,RN,642.656746031746,Baixo Repasse
SAO CAETANO DO SUL,SP,633.5101955888473,Baixo Repasse
VITORIA DAS MISSOES,RS,644.5734597156398,Baixo Repasse
PORTO FIRME,MG,634.7435897435897,Baixo Repasse
CANA VERDE,MG,648.9850746268656,Baixo Repasse
DAVINOPOLIS,GO,685.905472636816,Alto Repasse
CAPIXABA,AC,703.2948979591837,Alto Repasse
POUSO REDONDO,SC,644.203125,Baixo Repasse
IBIAPINA,CE,706.0739732805541,Alto Repasse
NUPORANGA,SP,684.1813031161473,Alto Repasse
SALVADOR DO SUL,RS,728.54,Alto Repasse
MARAVILHA,SC,644.6979166666666,Baixo Repasse
RIOLANDIA,SP,633.8770226537217,Baixo Repasse
SAO JOSE DOS AUSENTES,RS,737.7307692307693,Alto Repasse
ALTOS,PI,683.8325258397933,Alto Repasse
REDENCAO,PA,682.2342434584756,Alto Repasse
SANTA CRUZ DA ESPERANCA,SP,626.75,Baixo Repasse
BRACO DO TROMBUDO,SC,483.61538461538464,Baixo Repasse
OSVALDO CRUZ,SP,621.4753451676529,Baixo Repasse
PIRACICABA,SP,642.6203220684963,Baixo Repasse
MIRAGUAI,RS,683.9029850746268,Alto Repasse
BREVES,PA,782.8194873440572,Alto Repasse
SERRANOS,MG,642.3064516129032,Baixo Repasse
ARAMARI,BA,650.474688187821,Baixo Repasse
AMPERE,PR,639.8657074340528,Baixo Repasse
SANTOPOLIS DO AGUAPEI,SP,642.5791245791246,Baixo Repasse
LAJEDINHO,BA,648.9834801762114,Baixo Repasse
PAINS,MG,629.0067796610169,Baixo Repasse
ANDIRA,PR,695.7325208466966,Alto Repasse
CAMPINAPOLIS,MT,914.7118457300276,Alto Repasse
DESTERRO DO MELO,MG,648.8610354223433,Baixo Repasse
SETE QUEDAS,MS,696.4934210526316,Alto Repasse
AVELINOPOLIS,GO,646.0869565217391,Baixo Repasse
SERRA NEGRA DO NORTE,RN,639.3289606458123,Baixo Repasse
UBIRATA,PR,641.9498131340096,Baixo Repasse
LARANJAL,PR,690.6601520086862,Alto Repasse
BARRA DO OURO,TO,686.1392081736909,Alto Repasse
MATOZINHOS,MG,647.1519815313582,Baixo Repasse
ARROIO GRANDE,RS,690.8313325330132,Alto Repasse
MORRO DA GARCA,MG,646.4185022026431,Baixo Repasse
TUPA,SP,649.0613001010441,Baixo Repasse
CIANORTE,PR,640.3365193150139,Baixo Repasse
FORMOSA DO SUL,SC,629.3153153153153,Baixo Repasse
ENGENHEIRO PAULO DE FRONTIN,RJ,647.9702422145328,Baixo Repasse
PAU D'ARCO,TO,683.8438030560271,Alto Repasse
BANDEIRA DO SUL,MG,582.9774774774775,Baixo Repasse
FLORIANO PEIXOTO,RS,630.4444444444445,Baixo Repasse
PONTE ALTA DO TOCANTINS,TO,707.7602649006623,Alto Repasse
PUGMIL,TO,683.3490304709142,Alto Repasse
SANTA CLARA DO SUL,RS,612.5714285714286,Baixo Repasse
BERNARDO SAYAO,TO,680.3296703296703,Alto Repasse
EMBAUBA,SP,636.51,Baixo Repasse
VIAMAO,RS,684.6652873563219,Alto Repasse
SANTO ANTONIO DO ICA,AM,892.2600611908684,Alto Repasse
TIMBO,SC,631.9793281653747,Baixo Repasse
IPUMIRIM,SC,740.71875,Alto Repasse
NAZARIA,PI,681.8034858387799,Alto Repasse
NOVA ROMA,GO,649.5188470066519,Baixo Repasse
FORTALEZA DOS NOGUEIRAS,MA,689.3626617375231,Alto Repasse
CAROEBE,RR,719.9361419068736,Alto Repasse
IBITURUNA,MG,646.5340501792115,Baixo Repasse
BOM CONSELHO,PE,684.6859475620976,Alto Repasse
EPITACIOLANDIA,AC,698.0797101449275,Alto Repasse
SAO GABRIEL,RS,680.1067906452522,Alto Repasse
PACAJA,PA,714.359804454101,Alto Repasse
GRACA ARANHA,MA,696.8413223140495,Alto Repasse
SAO GABRIEL DA CACHOEIRA,AM,847.0475600135242,Alto Repasse
POUSO NOVO,RS,685.7924528301887,Alto Repasse
NOVA ERA,MG,617.1679073614557,Baixo Repasse
PLACAS,PA,700.4269979508197,Alto Repasse
RIO NEGRINHO,SC,681.6065711878686,Alto Repasse
JAGUARUANA,CE,635.137215258121,Baixo Repasse
ARAGUANA,MA,705.329830973047,Alto Repasse
URBANO SANTOS,MA,738.1418588399721,Alto Repasse
CODAJAS,AM,754.35253296322,Alto Repasse
MARIPA,PR,598.9043478260869,Baixo Repasse
LUCIANOPOLIS,SP,648.6597222222222,Baixo Repasse
BARBOSA FERRAZ,PR,633.519302615193,Baixo Repasse
NAQUE,MG,650.0195852534562,Baixo Repasse
PEDRO AFONSO,TO,699.9639401934917,Alto Repasse
SAO JOAO,PR,647.941504178273,Baixo Repasse
ITAQUAQUECETUBA,SP,684.0493894802755,Alto Repasse
MAFRA,SC,685.2134220072552,Alto Repasse
SITIO DO QUINTO,BA,642.9894319682959,Baixo Repasse
JANGADA,MT,685.8458681522749,Alto Repasse
RIBEIROPOLIS,SE,640.7883979561166,Baixo Repasse
JANDAIA,GO,622.2,Baixo Repasse
BARRA DO BUGRES,MT,686.4036281179139,Alto Repasse
ANITA GARIBALDI,SC,630.7402760351317,Baixo Repasse
SAO MANOEL DO PARANA,PR,611.1621621621622,Baixo Repasse
SANTA EFIGENIA DE MINAS,MG,641.7507288629738,Baixo Repasse
NOVA CANDELARIA,RS,624.1363636363636,Baixo Repasse
SANTA TEREZA,RS,618.6153846153846,Baixo Repasse
SAO PEDRO DO SUL,RS,646.6493617021276,Baixo Repasse
SILVEIRANIA,MG,648.0816326530612,Baixo Repasse
PILOEZINHOS,PB,681.0358072916666,Alto Repasse
IBIRAIARAS,RS,685.6633986928105,Alto Repasse
LAGO DO JUNCO,MA,691.1221073362875,Alto Repasse
HELIODORA,MG,618.4367088607595,Baixo Repasse
ITAOCARA,RJ,621.9362220058423,Baixo Repasse
PARAISO DAS AGUAS,MS,643.3272727272728,Baixo Repasse
VIANA,MA,685.8506003021388,Alto Repasse
DELTA,MG,681.1267175572519,Alto Repasse
MACIEIRA,SC,637.0909090909091,Baixo Repasse
SALTINHO,SP,647.5086206896551,Baixo Repasse
NANTES,SP,649.5923913043479,Baixo Repasse
IRUPI,ES,644.6229508196722,Baixo Repasse
GRANITO,PE,681.4247341913822,Alto Repasse
SANTA TEREZINHA DO PROGRESSO,SC,635.0526315789474,Baixo Repasse
CONCEICAO DO ALMEIDA,BA,621.7265917602996,Baixo Repasse
ICATU,MA,694.0315789473684,Alto Repasse
INHAUMA,MG,650.8856416772554,Baixo Repasse
MARIALVA,PR,637.0110864745011,Baixo Repasse
TIMBAUBA,PE,646.3711879545745,Baixo Repasse
BOM JESUS DO AMPARO,MG,640.8307155322863,Baixo Repasse
PARANHOS,MS,805.4864311315924,Alto Repasse
PERDIZES,MG,696.1768292682926,Alto Repasse
SAO SEBASTIAO DO UMBUZEIRO,PB,681.9668325041459,Alto Repasse
ALTO ALEGRE,RS,638.2352941176471,Baixo Repasse
ARAGUATINS,TO,696.6464704201201,Alto Repasse
SAO FRANCISCO DO BREJAO,MA,714.6465816917729,Alto Repasse
CALDEIRAO GRANDE,BA,682.69737191399,Alto Repasse
ITATINGA,SP,641.4925816023739,Baixo Repasse
SCHROEDER,SC,608.5119617224881,Baixo Repasse
INGA,PB,649.022629969419,Baixo Repasse
CUMBE,SE,627.4258474576271,Baixo Repasse
JACUTINGA,MG,639.1449603624009,Baixo Repasse
RIO BANANAL,ES,626.4249329758713,Baixo Repasse
SANTA RITA DE CALDAS,MG,642.0712589073635,Baixo Repasse
BARREIRAS DO PIAUI,PI,702.4082446808511,Alto Repasse
GOIOXIM,PR,688.0701956271577,Alto Repasse
ITOBI,SP,631.6854219948849,Baixo Repasse
SAO GERALDO,MG,624.1894024802706,Baixo Repasse
LAGES,SC,650.5960506546469,Baixo Repasse
ALTO PIQUIRI,PR,625.28,Baixo Repasse
SANTA TEREZINHA DE GOIAS,GO,621.8374910905203,Baixo Repasse
CRISTAL DO SUL,RS,642.5737704918033,Baixo Repasse
SAO JOAO DO ARRAIAL,PI,687.5178316690442,Alto Repasse
TARTARUGALZINHO,AP,793.7628828828829,Alto Repasse
CHALE,MG,683.8298342541436,Alto Repasse
FENIX,PR,645.5300261096605,Baixo Repasse
CLARO DOS POCOES,MG,641.1558823529411,Baixo Repasse
XINGUARA,PA,681.8563846896108,Alto Repasse
JAURU,MT,686.4017857142857,Alto Repasse
ARAMBARE,RS,682.0641330166271,Alto Repasse
OURO VERDE,SC,638.9358974358975,Baixo Repasse
VARZELANDIA,MG,686.6744985673353,Alto Repasse
ABADIA DE GOIAS,GO,709.5407220822838,Alto Repasse
IVATUBA,PR,647.2079207920792,Baixo Repasse
CONCEICAO DA APARECIDA,MG,642.0684133915574,Baixo Repasse
IMBE,RS,683.9197562214322,Alto Repasse
ARIPUANA,MT,721.5424610051994,Alto Repasse
MELEIRO,SC,645.908695652174,Baixo Repasse
CAMPO BELO,MG,641.9719522354901,Baixo Repasse
LINDOLFO COLLOR,RS,709.0573248407643,Alto Repasse
CANTA,RR,736.4412795793164,Alto Repasse
FAZENDA NOVA,GO,642.067816091954,Baixo Repasse
GILBUES,PI,697.5846839546191,Alto Repasse
SAO FELIX DE BALSAS,MA,692.261574074074,Alto Repasse
GUARANESIA,MG,684.6542605288932,Alto Repasse
PRAIA NORTE,TO,723.1226130653266,Alto Repasse
PRESIDENTE BERNARDES,SP,650.185,Baixo Repasse
FERNANDO PEDROZA,RN,636.2680776014109,Baixo Repasse
ITAINOPOLIS,PI,644.365726681128,Baixo Repasse
TERRA BOA,PR,577.3095723014256,Baixo Repasse
SANTA CRUZ DE GOIAS,GO,634.9535714285714,Baixo Repasse
TAQUARUSSU,MS,687.8605341246291,Alto Repasse
APIACAS,MT,701.197247706422,Alto Repasse
MAMBORE,PR,643.503743315508,Baixo Repasse
BRAGA,RS,685.0562130177515,Alto Repasse
ITAMARATI DE MINAS,MG,626.1612903225806,Baixo Repasse
CANELINHA,SC,704.1909836065573,Alto Repasse
SANTA CRUZ DO XINGU,MT,692.0241379310345,Alto Repasse
SANTANA DO ARAGUAIA,PA,701.872382522671,Alto Repasse
CARPINA,PE,648.6718423220736,Baixo Repasse
SALMOURAO,SP,625.0235294117647,Baixo Repasse
SANTA ROSA DO TOCANTINS,TO,691.6479885057471,Alto Repasse
BELTERRA,PA,716.0469090909091,Alto Repasse
JOSE BOITEUX,SC,766.9440789473684,Alto Repasse
COLINAS,RS,685.0,Alto Repasse
RIO FORTUNA,SC,605.9615384615385,Baixo Repasse
MAMBAI,GO,681.143635125936,Alto Repasse
VISCONDE DO RIO BRANCO,MG,636.3787107718406,Baixo Repasse
ACAILANDIA,MA,688.2836294960941,Alto Repasse
ITAPIPOCA,CE,687.5607480847228,Alto Repasse
GOIANDIRA,GO,637.4285714285714,Baixo Repasse
BOA ESPERANCA,MG,688.2935429056924,Alto Repasse
VITORINO,PR,684.8550724637681,Alto Repasse
URUCURITUBA,AM,737.8882879134595,Alto Repasse
ERECHIM,RS,680.487017310253,Alto Repasse
ALVORADA,TO,681.1475076297049,Alto Repasse
GOIOERE,PR,640.317439862543,Baixo Repasse
PINHAO,PR,703.3850197109067,Alto Repasse
COSMOPOLIS,SP,645.7744982290437,Baixo Repasse
MARTINS,RN,648.8897700237907,Baixo Repasse
NOSSA SENHORA APARECIDA,SE,648.1358288770053,Baixo Repasse
TAMARANA,PR,649.9486521181001,Baixo Repasse
CANINDE DE SAO FRANCISCO,SE,696.8722883705758,Alto Repasse
DIAMANTINA,MG,638.3082206482078,Baixo Repasse
ALVORADA DO SUL,PR,687.2507418397627,Alto Repasse
MATELANDIA,PR,683.2450592885375,Alto Repasse
CONCORDIA DO PARA,PA,701.9770716009654,Alto Repasse
MACAMBARA,RS,693.380303030303,Alto Repasse
ANORI,AM,713.3101802757158,Alto Repasse
REMIGIO,PB,683.0378197997775,Alto Repasse
CARUTAPERA,MA,690.9325551232166,Alto Repasse
BARREIRINHA,AM,797.1598028303387,Alto Repasse
BOA VISTA,RR,711.6560933563188,Alto Repasse
RECURSOLANDIA,TO,715.5811965811965,Alto Repasse
MADEIRO,PI,693.499700059988,Alto Repasse
TRES FRONTEIRAS,SP,681.0827067669173,Alto Repasse
SIMOLANDIA,GO,647.1010289990645,Baixo Repasse
LAMARAO,BA,646.1173304628633,Baixo Repasse
SERTAOZINHO,PB,685.3515312916112,Alto Repasse
CANAVIEIRA,PI,689.0169712793734,Alto Repasse
FORTUNA,MA,725.7393617021277,Alto Repasse
SAO JOSE DO POVO,MT,646.1221374045801,Baixo Repasse
MANFRINOPOLIS,PR,606.9512195121952,Baixo Repasse
ALDEIAS ALTAS,MA,727.2513304305758,Alto Repasse
RUROPOLIS,PA,698.3509392265194,Alto Repasse
JATAUBA,PE,649.4896896896897,Baixo Repasse
JACUI,MG,696.257874015748,Alto Repasse
NOVA OLIMPIA,PR,631.9628252788104,Baixo Repasse
PANAMBI,RS,681.9227053140097,Alto Repasse
XAVANTINA,SC,687.225,Alto Repasse
ITALVA,RJ,631.2983808789514,Baixo Repasse
BAYEUX,PB,641.294537517697,Baixo Repasse
PEIXOTO DE AZEVEDO,MT,696.0561866748542,Alto Repasse
MACAPARANA,PE,649.8078580481622,Baixo Repasse
BOM JESUS DAS SELVAS,MA,730.8509596553075,Alto Repasse
BARRETOS,SP,632.3005549389567,Baixo Repasse
AROEIRAS DO ITAIM,PI,644.7240948813983,Baixo Repasse
URUGUAIANA,RS,692.2459318391158,Alto Repasse
URUCARA,AM,698.1766536964981,Alto Repasse
SAO ROQUE DO CANAA,ES,647.7008928571429,Baixo Repasse
HUMAITA,AM,716.2985492046845,Alto Repasse
PRESIDENTE MEDICI,RO,645.0028544243578,Baixo Repasse
JESUANIA,MG,643.3003048780488,Baixo Repasse
MADRE DE DEUS,BA,636.4578313253012,Baixo Repasse
KALORE,PR,650.7729591836735,Baixo Repasse
SUCUPIRA DO NORTE,MA,686.3922365988909,Alto Repasse
CALDAS,MG,649.1087420042644,Baixo Repasse
ESPIGAO ALTO DO IGUACU,PR,689.5793103448276,Alto Repasse
SOURE,PA,717.1594982078853,Alto Repasse
JACAREACANGA,PA,859.8797199299825,Alto Repasse
PRESIDENTE KUBITSCHEK,MG,685.9107142857143,Alto Repasse
MIGUEL ALVES,PI,699.3237286048516,Alto Repasse
MESOPOLIS,SP,576.3,Baixo Repasse
SATUBINHA,MA,701.7944915254237,Alto Repasse
FORMOSO DO ARAGUAIA,TO,687.1451540866458,Alto Repasse
SANTO AMARO DO MARANHAO,MA,721.0757399883923,Alto Repasse
SITIO NOVO DO TOCANTINS,TO,693.3930041152263,Alto Repasse
SAO FELIX DO PIAUI,PI,649.6928746928747,Baixo Repasse
PORTO VELHO,RO,681.7160048377343,Alto Repasse
IPATINGA,MG,649.5133630289532,Baixo Repasse
MURICILANDIA,TO,725.4989517819706,Alto Repasse
MONGAGUA,SP,687.2587093089663,Alto Repasse
IGARAPE-MIRI,PA,712.8862823335168,Alto Repasse
LIBERDADE,MG,640.5304518664047,Baixo Repasse
DIVINESIA,MG,639.0386597938144,Baixo Repasse
JUNDIAI,SP,686.0977340977341,Alto Repasse
SAO SEBASTIAO DA AMOREIRA,PR,649.5193798449612,Baixo Repasse
ARARI,MA,685.1545454545454,Alto Repasse
BODOQUENA,MS,700.0657718120806,Alto Repasse
LAJINHA,MG,685.5150401069519,Alto Repasse
URUCANIA,MG,621.2310924369748,Baixo Repasse
TOCANTINIA,TO,763.4164305949008,Alto Repasse
GUAICARA,SP,680.0377073906486,Alto Repasse
SAO GERALDO DA PIEDADE,MG,639.1669724770642,Baixo Repasse
PIRACAIA,SP,639.3695501730103,Baixo Repasse
ICAPUI,CE,643.3937592867757,Baixo Repasse
MONTE ALTO,SP,650.3869918699187,Baixo Repasse
CORONEL BARROS,RS,706.3150684931506,Alto Repasse
FORMOSO,MG,685.3962025316456,Alto Repasse
SANTA CECILIA DO SUL,RS,598.3611111111111,Baixo Repasse
PIRAI DO NORTE,BA,680.0622037914692,Alto Repasse
BORBA,AM,749.8795023868074,Alto Repasse
BARIRI,SP,697.787012987013,Alto Repasse
SAO JORGE D'OESTE,PR,556.6929824561404,Baixo Repasse
POCONE,MT,706.874357254639,Alto Repasse
CAMPO DO TENENTE,PR,684.2537878787879,Alto Repasse
SAO JOSE DA TAPERA,AL,691.0736579275905,Alto Repasse
MERIDIANO,SP,625.6542553191489,Baixo Repasse
SANTA MARIA DO HERVAL,RS,627.8513513513514,Baixo Repasse
URUTAI,GO,615.4936170212766,Baixo Repasse
CAPITAO,RS,709.4807692307693,Alto Repasse
FRANCISCO SANTOS,PI,646.0952797202797,Baixo Repasse
AGUAS MORNAS,SC,695.7647058823529,Alto Repasse
MONTE SANTO,BA,648.6766521838555,Baixo Repasse
CHUPINGUAIA,RO,715.2546948356808,Alto Repasse
CARAMBEI,PR,693.4262910798122,Alto Repasse
COLINA,SP,602.2124756335282,Baixo Repasse
BERILO,MG,643.6240188383046,Baixo Repasse
SAO SEBASTIAO DO RIO PRETO,MG,626.6666666666666,Baixo Repasse
AMERICANO DO BRASIL,GO,642.4571428571429,Baixo Repasse
CEARA-MIRIM,RN,682.746136081009,Alto Repasse
DESTERRO DE ENTRE RIOS,MG,571.4205378973105,Baixo Repasse
OLIMPIO NORONHA,MG,630.4143835616438,Baixo Repasse
SERTAO SANTANA,RS,691.1413881748072,Alto Repasse
SANTA TEREZA DO TOCANTINS,TO,757.7250859106529,Alto Repasse
ITAMBE,BA,650.7738562091504,Baixo Repasse
IBIRAPUITA,RS,696.6344537815127,Alto Repasse
CANANEIA,SP,693.086321381142,Alto Repasse
NOVO HORIZONTE DO NORTE,MT,703.6325581395349,Alto Repasse
BOA VENTURA,PB,691.0990099009902,Alto Repasse
JUMIRIM,SP,642.1206896551724,Baixo Repasse
MARILENA,PR,647.1508120649652,Baixo Repasse
FREI ROGERIO,SC,633.4311377245509,Baixo Repasse
SALETE,SC,730.4423076923077,Alto Repasse
SANTA MARIA DAS BARREIRAS,PA,688.0421856167136,Alto Repasse
LAGOA BONITA DO SUL,RS,630.3885350318471,Baixo Repasse
NOVA VENEZA,GO,637.7123983739838,Baixo Repasse
CASEIROS,RS,696.3142857142857,Alto Repasse
CRISTAIS PAULISTA,SP,632.2121212121212,Baixo Repasse
WANDERLANDIA,TO,682.4148351648352,Alto Repasse
TURMALINA,MG,642.5407854984894,Baixo Repasse
SAO JOAO DOS PATOS,MA,682.0069401918759,Alto Repasse
ITAPEMA,SC,682.1044957472661,Alto Repasse
TABAI,RS,697.8137651821862,Alto Repasse
URANDI,BA,635.6462116468379,Baixo Repasse
ILHA DAS FLORES,SE,687.4540976265114,Alto Repasse
HORTOLANDIA,SP,649.0362654320987,Baixo Repasse
GABRIEL MONTEIRO,SP,682.1123595505618,Alto Repasse
COQUEIRO BAIXO,RS,723.7391304347826,Alto Repasse
ACUCENA,MG,641.406015037594,Baixo Repasse
VARGEM GRANDE,MA,735.7044377960608,Alto Repasse
PLANALTINO,BA,640.3381858902576,Baixo Repasse
MATA GRANDE,AL,697.6124794745484,Alto Repasse
GUARUJA DO SUL,SC,622.1573033707865,Baixo Repasse
IBOTIRAMA,BA,688.3749710848947,Alto Repasse
RODEIO BONITO,RS,646.8813559322034,Baixo Repasse
PEQUERI,MG,621.310861423221,Baixo Repasse
RIO DO CAMPO,SC,704.5443037974684,Alto Repasse
OLHO D'AGUA DAS CUNHAS,MA,681.4243595940068,Alto Repasse
BARROCAS,BA,641.3513789581206,Baixo Repasse
MIRASELVA,PR,619.659793814433,Baixo Repasse
ARATIBA,RS,747.0568181818181,Alto Repasse
MASSAPE DO PIAUI,PI,641.8697282099344,Baixo Repasse
PORTO DE PEDRAS,AL,690.1243915630071,Alto Repasse
POJUCA,BA,642.0053947131811,Baixo Repasse
FARO,PA,701.0499565595135,Alto Repasse
SAO JOSE DA BARRA,MG,686.2484210526316,Alto Repasse
MORPARA,BA,680.946836788942,Alto Repasse
GUAJARA-MIRIM,RO,759.3604219574136,Alto Repasse
DOM FELICIANO,RS,698.3135852911133,Alto Repasse
MOSSORO,RN,636.1035809225958,Baixo Repasse
TRINDADE DO SUL,RS,684.8524590163935,Alto Repasse
IBATEGUARA,AL,685.1092061125605,Alto Repasse
CANAPOLIS,BA,696.1520681265207,Alto Repasse
SEGREDO,RS,680.3355371900826,Alto Repasse
PRESIDENTE VENCESLAU,SP,636.4974692697035,Baixo Repasse
GAURAMA,RS,628.5346534653465,Baixo Repasse
ESTACAO,RS,690.9950248756219,Alto Repasse
APARECIDA D'OESTE,SP,615.8467432950191,Baixo Repasse
ITAARA,RS,680.0982905982906,Alto Repasse
MANGUEIRINHA,PR,625.6950904392764,Baixo Repasse
IBIASSUCE,BA,629.0842733908428,Baixo Repasse
NOVA IBIA,BA,647.91953125,Baixo Repasse
ARENAPOLIS,MT,686.5666666666667,Alto Repasse
NOVA ESPERANCA,PR,649.5055957867017,Baixo Repasse
PONTE ALTA,SC,623.8659793814433,Baixo Repasse
CAPAO DA CANOA,RS,695.0922716627634,Alto Repasse
COITE DO NOIA,AL,689.6246458923513,Alto Repasse
CABO VERDE,MG,615.9968602825745,Baixo Repasse
SAO JOSE DO NORTE,RS,642.8745762711865,Baixo Repasse
AGUA LIMPA,GO,643.1607142857143,Baixo Repasse
FORTUNA DE MINAS,MG,639.636678200692,Baixo Repasse
TENORIO,PB,680.3063885267275,Alto Repasse
RIVERSUL,SP,634.8522727272727,Baixo Repasse
CICERO DANTAS,BA,649.6113405933158,Baixo Repasse
PACARAIMA,RR,807.8000506200962,Alto Repasse
SAO JOSE DO VALE DO RIO PRETO,RJ,626.7822629969419,Baixo Repasse
ACARA,PA,708.1050292727657,Alto Repasse
NOVA MUTUM,MT,635.6962785114046,Baixo Repasse
ITAPAGIPE,MG,635.3416666666667,Baixo Repasse
AGUA DOCE DO MARANHAO,MA,704.7861142217246,Alto Repasse
PAULA CANDIDO,MG,647.2875939849624,Baixo Repasse
IBIRAPITANGA,BA,692.2441390460792,Alto Repasse
TEJUPA,SP,689.5064102564103,Alto Repasse
FRONTEIRAS,PI,647.4302325581396,Baixo Repasse
RIBEIRAO DO LARGO,BA,684.4943687018376,Alto Repasse
AVEIRO,PA,751.1899171270718,Alto Repasse
BREJO DOS SANTOS,PB,641.4595490716181,Baixo Repasse
ARACUAI,MG,639.2057310800882,Baixo Repasse
BREJO GRANDE DO ARAGUAIA,PA,708.8221632382216,Alto Repasse
OBIDOS,PA,726.8571025665132,Alto Repasse
MIMOSO DO SUL,ES,650.9231446171898,Baixo Repasse
NOVO HORIZONTE,SP,635.2827361563518,Baixo Repasse
SIMOES,PI,682.7401508801341,Alto Repasse
CAETES,PE,694.7570621468926,Alto Repasse
BOA VISTA DO GURUPI,MA,725.2012650948822,Alto Repasse
LAGUNA CARAPA,MS,685.6969696969697,Alto Repasse
DIVISA ALEGRE,MG,648.8324684951816,Baixo Repasse
CAROLINA,MA,684.8845865600799,Alto Repasse
TAPIRAMUTA,BA,682.3230954531767,Alto Repasse
VARZEA ALEGRE,CE,648.2064994882293,Baixo Repasse
JULIO DE CASTILHOS,RS,690.248097412481,Alto Repasse
PANTANO GRANDE,RS,702.4090056285178,Alto Repasse
CATIGUA,SP,625.6060606060606,Baixo Repasse
GOVERNADOR MANGABEIRA,BA,649.030580075662,Baixo Repasse
FRANCISCO DANTAS,RN,622.5138888888889,Baixo Repasse
PINHAL DA SERRA,RS,694.1360946745563,Alto Repasse
NOVA BANDEIRANTES,MT,639.6588324488249,Baixo Repasse
BARBACENA,MG,646.7770128354725,Baixo Repasse
BARRA DO RIO AZUL,RS,565.3846153846154,Baixo Repasse
CODO,MA,719.8396144994247,Alto Repasse
LUNARDELLI,PR,632.4913793103449,Baixo Repasse
MARINOPOLIS,SP,623.2637362637363,Baixo Repasse
CRUCILANDIA,MG,615.3305785123966,Baixo Repasse
CAFEZAL DO SUL,PR,630.3755458515284,Baixo Repasse
CERRO NEGRO,SC,648.4777070063694,Baixo Repasse
BETANIA DO PIAUI,PI,695.8932238193019,Alto Repasse
MOJU,PA,699.4169151854944,Alto Repasse
JOAQUIM GOMES,AL,701.1737035337311,Alto Repasse
MONTEIRO LOBATO,SP,681.5369928400954,Alto Repasse
MARANGUAPE,CE,649.4388790709417,Baixo Repasse
COIMBRA,MG,615.75106685633,Baixo Repasse
SAO DOMINGOS DO MARANHAO,MA,700.8510984540277,Alto Repasse
CERRO LARGO,RS,641.6510263929619,Baixo Repasse
RIBEIRAOZINHO,MT,686.185628742515,Alto Repasse
MANDAGUARI,PR,606.261744966443,Baixo Repasse
SENADOR LA ROCQUE,MA,701.5430442919526,Alto Repasse
ITATIBA,SP,641.242227689555,Baixo Repasse
ITAU DE MINAS,MG,623.2463503649635,Baixo Repasse
ITAPERUNA,RJ,635.6469893742621,Baixo Repasse
BRUMADINHO,MG,644.8368421052631,Baixo Repasse
PEDRA BRANCA DO AMAPARI,AP,728.1057692307693,Alto Repasse
MURICI DOS PORTELAS,PI,691.859947643979,Alto Repasse
CUITEGI,PB,684.1570066030814,Alto Repasse
ANGICOS,RN,642.3792717086835,Baixo Repasse
PALMEIRA,SC,686.2558139534884,Alto Repasse
BERURI,AM,791.6923224568138,Alto Repasse
SAO JOAO DO RIO DO PEIXE,PB,627.6433680104032,Baixo Repasse
CORONEL PACHECO,MG,636.4176470588235,Baixo Repasse
BENEDITO NOVO,SC,691.359375,Alto Repasse
BRASIL NOVO,PA,696.6047690014904,Alto Repasse
REDUTO,MG,699.3746031746032,Alto Repasse
SAO JOAO DE PIRABAS,PA,685.3028272251308,Alto Repasse
BOQUEIRAO,PB,680.5403429147756,Alto Repasse
PIRAPOZINHO,SP,645.5649867374005,Baixo Repasse
CUMARU DO NORTE,PA,714.6404617921935,Alto Repasse
CARNEIROS,AL,698.6775244299674,Alto Repasse
SANTA LUZIA,MA,724.0769029557939,Alto Repasse
COROADOS,SP,639.4906666666667,Baixo Repasse
VISTA GAUCHA,RS,620.912,Baixo Repasse
ANTONIO CARDOSO,BA,681.042784626541,Alto Repasse
DESCOBERTO,MG,640.0018484288355,Baixo Repasse
ANDRELANDIA,MG,620.1243986254295,Baixo Repasse
CONFRESA,MT,686.969996470173,Alto Repasse
DURANDE,MG,711.5074946466809,Alto Repasse
CAMPO MAIOR,PI,643.7586448131121,Baixo Repasse
MANICORE,AM,763.2778339512414,Alto Repasse
PEDRAS GRANDES,SC,694.3611111111111,Alto Repasse
ALVORADA DO NORTE,GO,650.55249745158,Baixo Repasse
MARCOLANDIA,PI,686.5730786317192,Alto Repasse
MAURILANDIA DO TOCANTINS,TO,694.3314606741573,Alto Repasse
CARIRI DO TOCANTINS,TO,691.2659932659933,Alto Repasse
SAO JOSE DO SABUGI,PB,647.2530487804878,Baixo Repasse
BREU BRANCO,PA,709.6079071863032,Alto Repasse
NAZARE,TO,686.3494176372712,Alto Repasse
TASSO FRAGOSO,MA,729.7077971233914,Alto Repasse
CAMPINAS DO PIAUI,PI,647.7877643504531,Baixo Repasse
SALTO DO ITARARE,PR,686.5875486381323,Alto Repasse
MOSTARDAS,RS,695.3920367534456,Alto Repasse
SANGAO,SC,693.2836538461538,Alto Repasse
MAUES,AM,769.6976508854355,Alto Repasse
PACAEMBU,SP,680.8578274760383,Alto Repasse
PLANALTO ALEGRE,SC,635.6477272727273,Baixo Repasse
JAMBEIRO,SP,685.9375,Alto Repasse
PARAISO,SP,622.9516908212561,Baixo Repasse
SAO FERNANDO,RN,648.6558317399617,Baixo Repasse
ORIXIMINA,PA,756.9868900850843,Alto Repasse
BRASILEIA,AC,702.6401515151515,Alto Repasse
CAPELINHA,MG,638.3525077925758,Baixo Repasse
FORTALEZA DO TABOCAO,TO,681.75,Alto Repasse
CONCEICAO DO PARA,MG,647.28,Baixo Repasse
LARANJA DA TERRA,ES,650.4039125431531,Baixo Repasse
SANTANA DO LIVRAMENTO,RS,691.678660196473,Alto Repasse
POXOREO,MT,696.9556552067763,Alto Repasse
ALAGOINHA DO PIAUI,PI,644.0560553633218,Baixo Repasse
BREJAO,PE,683.0126069338136,Alto Repasse
BALNEARIO PINHAL,RS,685.3282798833819,Alto Repasse
VIEIROPOLIS,PB,645.3943329397874,Baixo Repasse
RIO VERDE DE MATO GROSSO,MS,684.9803006739243,Alto Repasse
BARRO,CE,650.9154595733473,Baixo Repasse
SAO JOSE DO BREJO DO CRUZ,PB,628.7507331378299,Baixo Repasse
XIQUE-XIQUE,BA,687.889007470651,Alto Repasse
MENDES PIMENTEL,MG,632.9658605974396,Baixo Repasse
SAO BENEDITO,CE,692.3031721268851,Alto Repasse
TANGARA,SC,609.4677419354839,Baixo Repasse
BONITO,BA,682.3846633416459,Alto Repasse
BELO HORIZONTE,MG,637.6199032062916,Baixo Repasse
TIANGUA,CE,687.6757083007882,Alto Repasse
ANGELANDIA,MG,686.493838028169,Alto Repasse
MORMACO,RS,627.6217948717949,Baixo Repasse
ANANAS,TO,697.0909657320873,Alto Repasse
BARCELONA,RN,635.8980132450331,Baixo Repasse
CAMPO AZUL,MG,639.5338882282996,Baixo Repasse
CARAUBAS,RN,648.1070198675496,Baixo Repasse
SUCUPIRA DO RIACHAO,MA,693.4269870609982,Alto Repasse
PINHAIS,PR,643.5261845386534,Baixo Repasse
CAMBUI,MG,635.2606727037517,Baixo Repasse
LUCELIA,SP,648.3124387855044,Baixo Repasse
MULUNGU,PB,686.4785907859078,Alto Repasse
PIMENTEIRAS DO OESTE,RO,711.2927756653993,Alto Repasse
MIRADOR,PR,635.1104651162791,Baixo Repasse
ENGENHEIRO NAVARRO,MG,634.6761827079935,Baixo Repasse
ITAJU,SP,650.0993788819876,Baixo Repasse
MONTE ALEGRE DE MINAS,MG,647.1192878338279,Baixo Repasse
SANTA ROSA DE LIMA,SC,617.5,Baixo Repasse
ITANHOMI,MG,691.1724659606657,Alto Repasse
FRANCISCO ALVES,PR,642.9363817097416,Baixo Repasse
BAIXA GRANDE DO RIBEIRO,PI,683.697779450508,Alto Repasse
VOTUPORANGA,SP,646.1110513578919,Baixo Repasse
CAAPIRANGA,AM,745.3028550777015,Alto Repasse
AFUA,PA,800.9597565099763,Alto Repasse
BARRA DO GARCAS,MT,685.073851030111,Alto Repasse
ASPASIA,SP,629.0119047619048,Baixo Repasse
FLOR DA SERRA DO SUL,PR,687.6577017114914,Alto Repasse
PONTAO,RS,704.4410256410256,Alto Repasse
BALNEARIO BARRA DO SUL,SC,687.4619952494062,Alto Repasse
JUINA,MT,683.6688712522046,Alto Repasse
PAULISTANIA,SP,684.9647887323944,Alto Repasse
CAMAQUA,RS,682.6863228699551,Alto Repasse
LUISLANDIA,MG,684.1839178785286,Alto Repasse
TRAVESSEIRO,RS,622.4375,Baixo Repasse
ARUANA,GO,634.8249299719888,Baixo Repasse
PARANATINGA,MT,744.0800835654596,Alto Repasse
JOAQUIM PIRES,PI,681.1449981266392,Alto Repasse
SITIO NOVO,MA,713.3839907192576,Alto Repasse
SAO DOMINGOS DO PRATA,MG,641.1812714776632,Baixo Repasse
VALPARAISO,SP,684.5333782872556,Alto Repasse
JOANESIA,MG,619.7951807228916,Baixo Repasse
TAQUARI,RS,691.005366726297,Alto Repasse
ANHEMBI,SP,698.9304635761589,Alto Repasse
ANTONIO MARTINS,RN,644.1086834733893,Baixo Repasse
CUNHA,SP,632.1488994389297,Baixo Repasse
SAO FELIX DO ARAGUAIA,MT,713.5147247119078,Alto Repasse
UIRAMUTA,RR,1024.9004566210047,Alto Repasse
BAIAO,PA,700.772136068034,Alto Repasse
TONANTINS,AM,795.4384175167952,Alto Repasse
BRASILANDIA DO SUL,PR,650.9581395348837,Baixo Repasse
ITABORAI,RJ,648.5135143398765,Baixo Repasse
LARANJAL,MG,622.5709219858156,Baixo Repasse
RODEIO,SC,693.4448818897638,Alto Repasse
VARJOTA,CE,693.8775769108785,Alto Repasse
CASCALHO RICO,MG,640.8755364806867,Baixo Repasse
DONA INES,PB,680.5299069561364,Alto Repasse
TABULEIRO DO NORTE,CE,648.0020948390783,Baixo Repasse
CAFEARA,PR,604.0676691729324,Baixo Repasse
SANTA LUCIA,SP,649.2675438596491,Baixo Repasse
IBARETAMA,CE,692.1079136690647,Alto Repasse
HIDROLINA,GO,633.6480446927375,Baixo Repasse
MATOES,MA,729.0092578063707,Alto Repasse
CURIMATA,PI,680.4435201401051,Alto Repasse
PILAO ARCADO,BA,701.1029807130333,Alto Repasse
FILADELFIA,BA,650.8742222222222,Baixo Repasse
AGUA BOA,MT,645.1852970795569,Baixo Repasse
FORMOSA DO RIO PRETO,BA,693.3407847800238,Alto Repasse
VIRGINIA,MG,641.6390909090909,Baixo Repasse
SANTA AMELIA,PR,635.275,Baixo Repasse
SAO MIGUEL DA BAIXA GRANDE,PI,646.6276276276276,Baixo Repasse
CALCOENE,AP,762.726392251816,Alto Repasse
WENCESLAU GUIMARAES,BA,688.6897446992643,Alto Repasse
CATARINA,CE,682.3171225937183,Alto Repasse
LUCIARA,MT,705.0407673860911,Alto Repasse
GOIANESIA DO PARA,PA,683.168876482903,Alto Repasse
GOVERNADOR ARCHER,MA,703.4991482112437,Alto Repasse
ANAGE,BA,650.0441640378549,Baixo Repasse
INDIAROBA,SE,694.2953301127214,Alto Repasse
SERTANOPOLIS,PR,650.5427461139897,Baixo Repasse
ESPINOSA,MG,647.867606737172,Baixo Repasse
LAGAMAR,MG,627.705794947994,Baixo Repasse
DENISE,MT,688.6603773584906,Alto Repasse
SANTA FILOMENA,PI,689.1467089611419,Alto Repasse
CUTIAS,AP,802.1434689507495,Alto Repasse
MOGI GUACU,SP,650.3363299841354,Baixo Repasse
COSTA MARQUES,RO,703.7095660749507,Alto Repasse
DELFINOPOLIS,MG,687.524312896406,Alto Repasse
BURITI DE GOIAS,GO,647.0743494423792,Baixo Repasse
SANTA FILOMENA DO MARANHAO,MA,690.0784615384615,Alto Repasse
CUMARI,GO,705.8782051282051,Alto Repasse
ALTO FELIZ,RS,633.4375,Baixo Repasse
ESPERANTINOPOLIS,MA,689.8215623327983,Alto Repasse
ROCHEDO,MS,689.5245202558635,Alto Repasse
GUAIRA,PR,648.7356870229007,Baixo Repasse
PRAINHA,PA,732.3449582172702,Alto Repasse
IVAIPORA,PR,622.0885357548241,Baixo Repasse
SIQUEIRA CAMPOS,PR,650.8579439252336,Baixo Repasse
TURILANDIA,MA,701.6956376956377,Alto Repasse
SAO PATRICIO,GO,643.8053097345132,Baixo Repasse
ITAPERUCU,PR,687.226420890937,Alto Repasse
ANGELINA,SC,694.0496894409938,Alto Repasse
ALVORADA,RS,687.2549019607843,Alto Repasse
MIRANDA,MS,705.2125178486435,Alto Repasse
JATEI,MS,683.8226299694189,Alto Repasse
MAZAGAO,AP,780.4519271495129,Alto Repasse
TIMBE DO SUL,SC,686.2702702702703,Alto Repasse
SANTA MARIANA,PR,632.7183673469387,Baixo Repasse
BOZANO,RS,692.8771929824561,Alto Repasse
MONCOES,SP,598.9230769230769,Baixo Repasse
ANHUMAS,SP,630.8982035928144,Baixo Repasse
JACAREI,SP,639.7673378076063,Baixo Repasse
GUAMIRANGA,PR,683.4613970588235,Alto Repasse
ITAGUAI,RJ,687.3189822607795,Alto Repasse
MUANA,PA,730.0129886998311,Alto Repasse
TELEMACO BORBA,PR,680.9955849889625,Alto Repasse
BANDEIRANTE,SC,680.0857142857143,Alto Repasse
PAU D'ARCO,PA,705.3275418275418,Alto Repasse
COLINAS DO TOCANTINS,TO,682.7115039713041,Alto Repasse
TRAMANDAI,RS,701.1452095808384,Alto Repasse
SERRANOPOLIS DO IGUACU,PR,683.4759036144578,Alto Repasse
SAO FRANCISCO DE SALES,MG,639.9561752988047,Baixo Repasse
PORTO ESPERIDIAO,MT,708.5907136715391,Alto Repasse
SOBRALIA,MG,649.9321428571428,Baixo Repasse
CRUZEIRO DA FORTALEZA,MG,683.5703324808184,Alto Repasse
PINDORAMA DO TOCANTINS,TO,687.3006535947712,Alto Repasse
ABEL FIGUEIREDO,PA,689.2708192281652,Alto Repasse
CANDEIAS DO JAMARI,RO,690.5028007468659,Alto Repasse
PIUM,TO,723.3826530612245,Alto Repasse
DESCALVADO,SP,632.2201166180758,Baixo Repasse
CERRO BRANCO,RS,625.9364548494983,Baixo Repasse
MAR VERMELHO,AL,648.7525773195877,Baixo Repasse
JOSE BONIFACIO,SP,645.4098143236074,Baixo Repasse
RIBEIRAO GRANDE,SP,632.2621082621083,Baixo Repasse
RIO DE CONTAS,BA,646.8131672597865,Baixo Repasse
IRATI,SC,631.8932038834952,Baixo Repasse
GUIA LOPES DA LAGUNA,MS,680.2753074739829,Alto Repasse
CALDAS NOVAS,GO,639.6571747627024,Baixo Repasse
SAO LUIS DO QUITUNDE,AL,687.0017759121731,Alto Repasse
MATARACA,PB,694.58658008658,Alto Repasse
SOLONOPOLE,CE,650.8523274478331,Baixo Repasse
NOVA OLIMPIA,MT,681.79869600652,Alto Repasse
SAO JOAO DO ORIENTE,MG,644.8619892058597,Baixo Repasse
SAO RAIMUNDO DAS MANGABEIRAS,MA,691.8214285714286,Alto Repasse
RIO BRANCO,MT,624.7190082644628,Baixo Repasse
ANTONIO CARLOS,SC,622.3351351351351,Baixo Repasse
ALTO JEQUITIBA,MG,630.6034482758621,Baixo Repasse
CARLOPOLIS,PR,707.9235537190083,Alto Repasse
SAUDADES,SC,636.8057142857143,Baixo Repasse
PARAIBANO,MA,682.3360067539046,Alto Repasse
MIRIM DOCE,SC,555.1666666666666,Baixo Repasse
LAVRAS,MG,650.2515121951219,Baixo Repasse
CONCEICAO DO LAGO-ACU,MA,731.4834905660377,Alto Repasse
SAO LUIZ,RR,703.4750320102432,Alto Repasse
ITAQUI,RS,690.3434831043446,Alto Repasse
ENVIRA,AM,715.0631808278868,Alto Repasse
ILHOTA,SC,692.889502762431,Alto Repasse
CARDOSO,SP,634.4306569343066,Baixo Repasse
CONCORDIA,SC,638.385736196319,Baixo Repasse
NOVA UBIRATA,MT,625.6391437308869,Baixo Repasse
CAMPO LIMPO DE GOIAS,GO,719.4198800342759,Alto Repasse
PINDORAMA,SP,648.9465930018416,Baixo Repasse
SAO DOMINGOS DO SUL,RS,820.0,Alto Repasse
ESTRELA D'OESTE,SP,650.3603896103896,Baixo Repasse
JAU DO TOCANTINS,TO,635.7084548104956,Baixo Repasse
CANABRAVA DO NORTE,MT,707.2038369304556,Alto Repasse
NOVA ROSALANDIA,TO,640.771052631579,Baixo Repasse
GRACHO CARDOSO,SE,649.8802110817942,Baixo Repasse
SALDANHA MARINHO,RS,631.90625,Baixo Repasse
AFRANIO,PE,643.6590347923682,Baixo Repasse
PINHALZINHO,SC,631.5414634146341,Baixo Repasse
SETE DE SETEMBRO,RS,647.6813186813187,Baixo Repasse
DAVID CANABARRO,RS,703.3333333333334,Alto Repasse
UNIAO PAULISTA,SP,728.9423076923077,Alto Repasse
DUQUE BACELAR,MA,708.1583172768144,Alto Repasse
SAO MIGUEL DAS MISSOES,RS,683.4019073569482,Alto Repasse
ACOPIARA,CE,648.0621363486662,Baixo Repasse
RESERVA DO CABACAL,MT,689.1932773109244,Alto Repasse
TAPIRA,PR,620.1153846153846,Baixo Repasse
ALTAIR,SP,650.625,Baixo Repasse
CUNHATAI,SC,591.25,Baixo Repasse
MORRINHOS,CE,699.3038482095136,Alto Repasse
URANIA,SP,605.9364406779661,Baixo Repasse
PETROLINA DE GOIAS,GO,644.9896103896103,Baixo Repasse
SANTA ROSA DO PURUS,AC,880.0888529886914,Alto Repasse
RIACHO DOS CAVALOS,PB,640.7849223946785,Baixo Repasse
BELA VISTA DO MARANHAO,MA,710.8822170900693,Alto Repasse
DOMINGOS MARTINS,ES,641.7650513950074,Baixo Repasse
BANDEIRA,MG,641.7129840546697,Baixo Repasse
PALESTINA DO PARA,PA,707.8565400843881,Alto Repasse
PORTO VERA CRUZ,RS,729.074074074074,Alto Repasse
AGUA DOCE,SC,601.09375,Baixo Repasse
PILOES,RN,649.4654939106902,Baixo Repasse
GURUPA,PA,788.7279452054795,Alto Repasse
SAO LUIS DO CURU,CE,649.9575731862537,Baixo Repasse
AGUA BRANCA,AL,691.495067264574,Alto Repasse
MODELO,SC,647.3473684210526,Baixo Repasse
CRUZ ALTA,RS,699.8484942564421,Alto Repasse
PALMARES PAULISTA,SP,632.939393939394,Baixo Repasse
ITAPOROROCA,PB,689.3455754771544,Alto Repasse
PIEDADE DE PONTE NOVA,MG,640.8463768115942,Baixo Repasse
CANHOTINHO,PE,680.5453752181501,Alto Repasse
ELESBAO VELOSO,PI,649.6856171039844,Baixo Repasse
BOM SUCESSO DO SUL,PR,578.1567164179105,Baixo Repasse
TAPERA,RS,612.223602484472,Baixo Repasse
ITATIBA DO SUL,RS,694.7177419354839,Alto Repasse
COCAL DO SUL,SC,622.2478991596639,Baixo Repasse
SAO MIGUEL DO ANTA,MG,632.839116719243,Baixo Repasse
DOM PEDRO,MA,686.3303023414412,Alto Repasse
CAPELA NOVA,MG,632.157980456026,Baixo Repasse
SOUSA,PB,650.4435977780943,Baixo Repasse
DOUTOR ULYSSES,PR,642.8026634382567,Baixo Repasse
SAO LEOPOLDO,RS,693.0826761128192,Alto Repasse
RENASCENCA,PR,619.3535353535353,Baixo Repasse
ITAUNA DO SUL,PR,626.1433566433567,Baixo Repasse
FAGUNDES VARELA,RS,696.8,Alto Repasse
ITAU,RN,647.5372297838271,Baixo Repasse
RIO DAS PEDRAS,SP,640.8036529680365,Baixo Repasse
FREI MIGUELINHO,PE,644.2262940907009,Baixo Repasse
GONCALVES,MG,643.8734939759037,Baixo Repasse
AIURUOCA,MG,615.8565891472869,Baixo Repasse
TUPANATINGA,PE,684.308487933016,Alto Repasse
MACEDONIA,SP,635.9,Baixo Repasse
PANORAMA,SP,684.0197278911564,Alto Repasse
MINACU,GO,642.7221715328467,Baixo Repasse
MACATUBA,SP,633.4589800443459,Baixo Repasse
ANGULO,PR,611.4496644295302,Baixo Repasse
BELA VISTA DE MINAS,MG,643.8765743073047,Baixo Repasse
MATO GROSSO,PB,629.7594936708861,Baixo Repasse
ORINDIUVA,SP,686.3296089385475,Alto Repasse
ALENQUER,PA,726.5226572133168,Alto Repasse
MONTE BELO DO SUL,RS,787.0,Alto Repasse
QUADRA,SP,680.1435897435897,Alto Repasse
CORONEL SAPUCAIA,MS,707.3241481481482,Alto Repasse
PORTO GRANDE,AP,730.0571819425445,Alto Repasse
BARUERI,SP,646.2140998343979,Baixo Repasse
ARAGOMINAS,TO,694.6738305941846,Alto Repasse
PRESIDENTE VARGAS,MA,737.8393714535138,Alto Repasse
CARIDADE DO PIAUI,PI,645.0732375085557,Baixo Repasse
COMODORO,MT,716.9822294022617,Alto Repasse
ALEXANDRIA,RN,648.9978326831383,Baixo Repasse
TRES PASSOS,RS,680.5888704318937,Alto Repasse
VARGEM BONITA,SC,683.6225165562914,Alto Repasse
SILVES,AM,744.6789875451989,Alto Repasse
SENADOR SA,CE,683.4387405886379,Alto Repasse
ITAOCA,SP,646.6203703703703,Baixo Repasse
ITAPIRANGA,AM,702.0523532522475,Alto Repasse
MANOEL URBANO,AC,753.2705295471987,Alto Repasse
OURO FINO,MG,683.8867924528302,Alto Repasse
PASSAGEM FRANCA,MA,695.0067183462533,Alto Repasse
GUARACIABA,MG,644.5939086294417,Baixo Repasse
GUARAMIRIM,SC,636.0823211875844,Baixo Repasse
SANTA FE DO SUL,SP,630.7987866531851,Baixo Repasse
CHAPADA,RS,690.5560344827586,Alto Repasse
PIRANHAS,AL,700.0058175773945,Alto Repasse
SAO FELIX DO XINGU,PA,712.2705914123684,Alto Repasse
CASTILHO,SP,648.6528081692195,Baixo Repasse
MIRACATU,SP,686.2664813343923,Alto Repasse
TIBAU DO SUL,RN,691.9954732510288,Alto Repasse
CAMPINA DO SIMAO,PR,695.4303797468355,Alto Repasse
SANTO EXPEDITO DO SUL,RS,681.2542372881356,Alto Repasse
LAJEDAO,BA,682.6126237623762,Alto Repasse
SANTA MARGARIDA,MG,688.7895424836602,Alto Repasse
LAPA,PR,639.6027607361963,Baixo Repasse
PALHANO,CE,648.0331434489901,Baixo Repasse
SAO JOSE DA LAJE,AL,720.9050435865504,Alto Repasse
URUCUCA,BA,682.6396722560976,Alto Repasse
FEIRA NOVA,SE,682.3134099616858,Alto Repasse
PONTALINA,GO,597.7274701411509,Baixo Repasse
NOVA PETROPOLIS,RS,643.15625,Baixo Repasse
FARROUPILHA,RS,685.986836856801,Alto Repasse
CAMBUQUIRA,MG,644.997393570808,Baixo Repasse
PIRAPEMAS,MA,696.596646630813,Alto Repasse
IVINHEMA,MS,640.8997451146984,Baixo Repasse
PARANAGUA,PR,681.0741176470589,Alto Repasse
ASSUNCAO DO PIAUI,PI,707.7380319148937,Alto Repasse
TESOURO,MT,727.4716981132076,Alto Repasse
ALTO ALEGRE DO MARANHAO,MA,698.9444570908263,Alto Repasse
LAMIM,MG,640.0104438642297,Baixo Repasse
VITOR MEIRELES,SC,720.048128342246,Alto Repasse
MULITERNO,RS,720.6732673267327,Alto Repasse
SARDOA,MG,650.657633242999,Baixo Repasse
MORADA NOVA,CE,649.8401849948613,Baixo Repasse
BREJO ALEGRE,SP,635.4185185185186,Baixo Repasse
CHAPECO,SC,648.1575702629193,Baixo Repasse
CASSIA DOS COQUEIROS,SP,648.0858895705521,Baixo Repasse
SERRA DO NAVIO,AP,705.2464864864864,Alto Repasse
SAO JOAO DA MATA,MG,690.2654320987655,Alto Repasse
SAPEACU,BA,646.7616279069767,Baixo Repasse
AMAJARI,RR,773.9773712084738,Alto Repasse
SAO DOMINGOS,BA,631.3992640294388,Baixo Repasse
ALTO ALEGRE DO PINDARE,MA,705.7868271954674,Alto Repasse
SAO MIGUEL DOS MILAGRES,AL,682.6234604105572,Alto Repasse
PONTE NOVA,MG,638.2465254798146,Baixo Repasse
GONZAGA,MG,645.3232628398791,Baixo Repasse
ITAI,SP,684.627076923077,Alto Repasse
INHAPIM,MG,648.799884825799,Baixo Repasse
ITUPIRANGA,PA,717.1703114645461,Alto Repasse
JAPURA,PR,623.7304526748972,Baixo Repasse
SAO JOSE DOS PINHAIS,PR,650.8917313288069,Baixo Repasse
TRINDADE,PE,682.7642770352369,Alto Repasse
MARIANOPOLIS DO TOCANTINS,TO,699.3994490358127,Alto Repasse
CANAA DOS CARAJAS,PA,690.0847169433887,Alto Repasse
SAO JOAO DO CARU,MA,726.4386086956522,Alto Repasse
DORESOPOLIS,MG,705.3613445378152,Alto Repasse
JOAO DIAS,RN,637.03066439523,Baixo Repasse
TARAUACA,AC,786.645137342242,Alto Repasse
SANTO HIPOLITO,MG,637.8160621761658,Baixo Repasse
SAO MIGUEL DO GUAMA,PA,696.8872050227322,Alto Repasse
SALINAS,MG,649.4703809733539,Baixo Repasse
TRAIRAO,PA,708.3206480783723,Alto Repasse
DESCANSO,SC,691.930817610063,Alto Repasse
PARELHAS,RN,643.6300179748353,Baixo Repasse
MARCELANDIA,MT,708.5664893617021,Alto Repasse
TANQUE NOVO,BA,682.6284789644013,Alto Repasse
LAGO DA PEDRA,MA,699.039207144413,Alto Repasse
CORDEIROPOLIS,SP,495.1794871794872,Baixo Repasse
ALVARAES,AM,754.9702623906705,Alto Repasse
PORTO ALEGRE DO NORTE,MT,699.7301066447908,Alto Repasse
TREZE DE MAIO,SC,641.0451977401129,Baixo Repasse
GADO BRAVO,PB,690.1631553160215,Alto Repasse
BREJO,MA,706.0645066705762,Alto Repasse
LINDOIA,SP,647.3315363881402,Baixo Repasse
ESPERA FELIZ,MG,646.9838990426458,Baixo Repasse
UMARI,CE,649.1595135908441,Baixo Repasse
NOSSA SENHORA DOS REMEDIOS,PI,686.4221525600836,Alto Repasse
CAICO,RN,642.455712961737,Baixo Repasse
OEIRAS DO PARA,PA,738.8185410658976,Alto Repasse
CANTAGALO,PR,684.7842105263157,Alto Repasse
ITAJA,GO,646.7556270096463,Baixo Repasse
MIRABELA,MG,645.8695652173913,Baixo Repasse
SERRA NOVA DOURADA,MT,692.0769230769231,Alto Repasse
GUARANTA DO NORTE,MT,701.223606353161,Alto Repasse
DAVINOPOLIS,MA,692.4819484240687,Alto Repasse
TENENTE PORTELA,RS,695.3444592790387,Alto Repasse
CONSTANTINA,RS,720.7410256410257,Alto Repasse
JACUTINGA,RS,638.8108108108108,Baixo Repasse
CACHOEIRA DO PIRIA,PA,714.8589717943589,Alto Repasse
NOVA RAMADA,RS,724.7045454545455,Alto Repasse
PORTO WALTER,AC,808.2210076045627,Alto Repasse
NORMANDIA,RR,872.5972981666131,Alto Repasse
SANTA RITA,MA,697.2430202328472,Alto Repasse
ROQUE GONZALES,RS,633.4398734177215,Baixo Repasse
CACIMBAS,PB,718.4157844080847,Alto Repasse
BARRA,BA,713.1615977725423,Alto Repasse
VOLTA REDONDA,RJ,648.5321922187792,Baixo Repasse
GUAPO,GO,689.0350358801182,Alto Repasse
CORUMBA,MS,717.2932716483958,Alto Repasse
MAETINGA,BA,641.6299363057325,Baixo Repasse
BELA VISTA,MS,697.0716244002741,Alto Repasse
PINHAL DE SAO BENTO,PR,637.131914893617,Baixo Repasse
TANQUINHO,BA,645.594653573377,Baixo Repasse
RIO CASCA,MG,629.6331006979062,Baixo Repasse
INHAPI,AL,719.8689233901756,Alto Repasse
FERNAO,SP,647.8175675675676,Baixo Repasse
RIBEIRAO BONITO,SP,650.1317957166392,Baixo Repasse
URUBICI,SC,714.0087082728592,Alto Repasse
CANELA,RS,685.9654945777194,Alto Repasse
NOVA BELEM,MG,633.1208609271523,Baixo Repasse
JOAO DOURADO,BA,680.3125552608311,Alto Repasse
ARABUTA,SC,711.7534246575342,Alto Repasse
BOCAINA,PI,645.171500630517,Baixo Repasse
GRAO PARA,SC,695.9887640449438,Alto Repasse
AUGUSTINOPOLIS,TO,702.2553606237817,Alto Repasse
BURITICUPU,MA,710.8548667143294,Alto Repasse
BOA VISTA,PB,650.125,Baixo Repasse
ANDRE DA ROCHA,RS,542.3823529411765,Baixo Repasse
QUATA,SP,640.8777660695469,Baixo Repasse
NATUBA,PB,685.1399229781772,Alto Repasse
GUARAITA,GO,632.0338983050848,Baixo Repasse
VIDAL RAMOS,SC,635.5988372093024,Baixo Repasse
CAMPESTRE DA SERRA,RS,698.8606060606061,Alto Repasse
TRES CORACOES,MG,643.1511839708561,Baixo Repasse
DEPUTADO IRAPUAN PINHEIRO,CE,640.4318857822725,Baixo Repasse
BATAGUASSU,MS,642.0359457866824,Baixo Repasse
REDENTORA,RS,706.7201622247973,Alto Repasse
SAO JOAO DA BALIZA,RR,712.7089910775567,Alto Repasse
PATIS,MG,639.5137711864406,Baixo Repasse
GAUCHA DO NORTE,MT,752.9403254972875,Alto Repasse
NOVO HORIZONTE DO SUL,MS,650.6666666666666,Baixo Repasse
VILA MARIA,RS,687.5463917525773,Alto Repasse
MARILANDIA DO SUL,PR,645.5274151436031,Baixo Repasse
LUZERNA,SC,633.0952380952381,Baixo Repasse
JUNQUEIROPOLIS,SP,629.3185520361991,Baixo Repasse
GONGOGI,BA,648.2141706924316,Baixo Repasse
MOSSAMEDES,GO,621.0622710622711,Baixo Repasse
PRIMAVERA,PE,650.755822689707,Baixo Repasse
ARMACAO DOS BUZIOS,RJ,648.1379912663756,Baixo Repasse
JUNDIA,AL,682.565349544073,Alto Repasse
BALNEARIO CAMBORIU,SC,635.2705167173252,Baixo Repasse
ALTO BELA VISTA,SC,591.0869565217391,Baixo Repasse
NOSSA SENHORA DAS GRACAS,PR,572.8545454545455,Baixo Repasse
CRIXAS,GO,640.2479919678715,Baixo Repasse
IACIARA,GO,705.2214147286821,Alto Repasse
ROSANA,SP,648.1860465116279,Baixo Repasse
ARAME,MA,770.1995592065718,Alto Repasse
TORITAMA,PE,689.3065653075329,Alto Repasse
CAMBARA DO SUL,RS,695.9967320261438,Alto Repasse
MANDAGUACU,PR,687.2106227106227,Alto Repasse
OURO PRETO,MG,635.4972791963164,Baixo Repasse
MESSIAS,AL,701.1201201201201,Alto Repasse
SAO JOAO DO ARAGUAIA,PA,725.630280500169,Alto Repasse
GUARIBAS,PI,697.348787446505,Alto Repasse
LUZ,MG,644.8550368550368,Baixo Repasse
PARAUAPEBAS,PA,691.6906675550744,Alto Repasse
BARRA DE SANTO ANTONIO,AL,697.3543391188251,Alto Repasse
MUTUNOPOLIS,GO,691.901878914405,Alto Repasse
VARGEM,SP,644.6113636363636,Baixo Repasse
SANTA FE DO ARAGUAIA,TO,715.57616892911,Alto Repasse
NOVO GAMA,GO,692.8083288841431,Alto Repasse
PONTE SERRADA,SC,690.6206322795341,Alto Repasse
SAO JOAO DO PARAISO,MA,707.1883432271991,Alto Repasse
SAO JERONIMO DA SERRA,PR,680.34375,Alto Repasse
TERENOS,MS,684.7176843774782,Alto Repasse
PIRAUBA,MG,648.6627906976744,Baixo Repasse
JARAMATAIA,AL,708.3969534050179,Alto Repasse
INCONFIDENTES,MG,644.1334951456311,Baixo Repasse
NARANDIBA,SP,690.1585365853658,Alto Repasse
CAJUEIRO DA PRAIA,PI,685.5791304347827,Alto Repasse
MARIOPOLIS,PR,691.9285714285714,Alto Repasse
MORRO GRANDE,SC,623.8089171974523,Baixo Repasse
POCO DAS TRINCHEIRAS,AL,688.2007311399136,Alto Repasse
LIMOEIRO,PE,640.8756581158284,Baixo Repasse
SUME,PB,650.4779127553837,Baixo Repasse
CACHOEIRA DOURADA,MG,631.1015625,Baixo Repasse
ARAPEI,SP,681.363321799308,Alto Repasse
NOVA CASTILHO,SP,591.1,Baixo Repasse
PRUDENTOPOLIS,PR,646.2241639047905,Baixo Repasse
JAPARAIBA,MG,619.2222222222222,Baixo Repasse
SAO JOSE DO INHACORA,RS,626.1,Baixo Repasse
PORTO CALVO,AL,682.2547384382108,Alto Repasse
NOVO BRASIL,GO,644.6970443349753,Baixo Repasse
BOM JESUS DO SUL,PR,649.2047244094488,Baixo Repasse
VILA RICA,MT,721.4523449319213,Alto Repasse
PEDRO TEIXEIRA,MG,638.0418604651163,Baixo Repasse
CONQUISTA D'OESTE,MT,733.2720588235294,Alto Repasse
AGROLANDIA,SC,690.7939393939394,Alto Repasse
TABATINGA,SP,681.0847457627119,Alto Repasse
LAGOA ALEGRE,PI,690.6543301258328,Alto Repasse
ENCRUZILHADA DO SUL,RS,682.679211469534,Alto Repasse
ANAPOLIS,GO,648.524734366835,Baixo Repasse
GUIMARANIA,MG,688.905601659751,Alto Repasse
RIACHAO,MA,706.9336707511987,Alto Repasse
ESTRELA,RS,701.4075792730085,Alto Repasse
LIMOEIRO DO AJURU,PA,731.1042482675505,Alto Repasse
CANDIDO MENDES,MA,707.7682347863616,Alto Repasse
BRUMADO,BA,633.5943854324735,Baixo Repasse
BAGE,RS,682.1830402500977,Alto Repasse
CAJURI,MG,635.582,Baixo Repasse
SANTA CRUZ DO CAPIBARIBE,PE,638.4313549949972,Baixo Repasse
CACHOEIRA DO ARARI,PA,704.4653714696888,Alto Repasse
CATUTI,MG,643.3507109004739,Baixo Repasse
TABOAO DA SERRA,SP,649.2079946213556,Baixo Repasse
BURITI DOS LOPES,PI,680.6728598306679,Alto Repasse
ATALAIA DO NORTE,AM,807.0243399339934,Alto Repasse
VIDEIRA,SC,628.7536092396535,Baixo Repasse
AGUA FRIA DE GOIAS,GO,635.429203539823,Baixo Repasse
CORREGO FUNDO,MG,631.7753623188406,Baixo Repasse
VISEU,PA,730.7392763894069,Alto Repasse
SANTA CRUZ DE SALINAS,MG,684.4283276450512,Alto Repasse
PROGRESSO,RS,650.1365079365079,Baixo Repasse
MONSENHOR PAULO,MG,647.6985815602837,Baixo Repasse
LEME DO PRADO,MG,632.0813704496788,Baixo Repasse
DOM PEDRITO,RS,688.5530925992134,Alto Repasse
PIRAI,RJ,642.1886172929587,Baixo Repasse
DOMINGOS MOURAO,PI,686.0398803589233,Alto Repasse
NOVO ACORDO,TO,699.2621359223301,Alto Repasse
BACABEIRA,MA,698.8334721065778,Alto Repasse
RIO DO OESTE,SC,713.2352941176471,Alto Repasse
PATU,RN,646.537841468876,Baixo Repasse
AMPARO,SP,629.656862745098,Baixo Repasse
CENTRAL DE MINAS,MG,639.7507042253521,Baixo Repasse
RIO ESPERA,MG,646.4419970631425,Baixo Repasse
MONTAURI,RS,604.5454545454545,Baixo Repasse
OURILANDIA DO NORTE,PA,685.0177722669973,Alto Repasse
SANTO ANTONIO DA BARRA,GO,614.9155555555556,Baixo Repasse
ALFREDO WAGNER,SC,643.1687170474517,Baixo Repasse
UBARANA,SP,648.7038626609442,Baixo Repasse
CORONEL FABRICIANO,MG,648.6028229115378,Baixo Repasse
PRADO,BA,710.8905768835969,Alto Repasse
SANTANA DA VARGEM,MG,621.8024390243902,Baixo Repasse
LEOBERTO LEAL,SC,625.9333333333333,Baixo Repasse
BOA VISTA DO SUL,RS,686.1111111111111,Alto Repasse
DIONISIO,MG,648.795865633075,Baixo Repasse
RAPOSA,MA,700.8677321156773,Alto Repasse
BALDIM,MG,632.988706365503,Baixo Repasse
OLHO D'AGUA DO PIAUI,PI,687.0983899821109,Alto Repasse
CRUZEIRO DO OESTE,PR,643.0929577464789,Baixo Repasse
ANITAPOLIS,SC,723.562962962963,Alto Repasse
PARNAGUA,PI,687.8079854809438,Alto Repasse
UIRAPURU,GO,647.3768115942029,Baixo Repasse
ATALAIA,PR,644.2450980392157,Baixo Repasse
BUIQUE,PE,702.5069368382622,Alto Repasse
SENADOR RUI PALMEIRA,AL,687.7252354660604,Alto Repasse
SANTANA DO SERIDO,RN,634.4768786127167,Baixo Repasse
VIEIRAS,MG,621.1436170212766,Baixo Repasse
SANTA CARMEM,MT,686.4920634920635,Alto Repasse
IATI,PE,687.8561452513967,Alto Repasse
ALTAMIRA,PA,688.0462930974919,Alto Repasse
COLINAS DO SUL,GO,697.4186046511628,Alto Repasse
NATERCIA,MG,614.0477941176471,Baixo Repasse
TIBAU,RN,636.3540445486518,Baixo Repasse
FORQUILHA,CE,641.3662402669632,Baixo Repasse
TEREZINHA,PE,694.8808322824716,Alto Repasse
ARAGUAINHA,MT,693.2047244094488,Alto Repasse
EXTREMA,MG,627.8074730842305,Baixo Repasse
ITAIPAVA DO GRAJAU,MA,731.164596273292,Alto Repasse
ITABUNA,BA,649.0340547968736,Baixo Repasse
OLHO D'AGUA DO CASADO,AL,698.0204957102002,Alto Repasse
MURITIBA,BA,635.4614040660737,Baixo Repasse
NOVA MAMORE,RO,725.260348583878,Alto Repasse
SAO DOMINGOS DO ARAGUAIA,PA,699.8701488894313,Alto Repasse
PATO BRAGADO,PR,640.5443037974684,Baixo Repasse
DOURADINA,PR,637.4395280235988,Baixo Repasse
IPIRANGA,PR,631.5869565217391,Baixo Repasse
ANAMA,AM,777.4084568439407,Alto Repasse
DIVINO DAS LARANJEIRAS,MG,650.1967694566813,Baixo Repasse
UBERLANDIA,MG,647.521329113924,Baixo Repasse
LAGOA DO PIAUI,PI,683.4425907752699,Alto Repasse
FAGUNDES,PB,691.6774340309372,Alto Repasse
OLINDA NOVA DO MARANHAO,MA,683.4694645441389,Alto Repasse
HARMONIA,RS,686.8484848484849,Alto Repasse
CONCEICAO DO CASTELO,ES,706.6192771084337,Alto Repasse
TAMBOARA,PR,629.9375,Baixo Repasse
AUREA,RS,706.2061855670103,Alto Repasse
AGUAS DE CHAPECO,SC,628.1666666666666,Baixo Repasse
CORUMBATAI,SP,642.8888888888889,Baixo Repasse
DOIS LAJEADOS,RS,633.2558139534884,Baixo Repasse
TEJUCUOCA,CE,681.6628901734105,Alto Repasse
SORRISO,MT,681.2733827358302,Alto Repasse
ALAGOINHAS,BA,647.7383644389375,Baixo Repasse
FORMOSA DO OESTE,PR,633.0541666666667,Baixo Repasse
MARAU,RS,699.3479674796748,Alto Repasse
NOVA LUZITANIA,SP,629.6212121212121,Baixo Repasse
CATANDUVAS,PR,645.0742459396752,Baixo Repasse
GALVAO,SC,682.2256809338521,Alto Repasse
QUEIROZ,SP,612.3888888888889,Baixo Repasse
ITABIRA,MG,645.1099548399765,Baixo Repasse
CARMO DO PARANAIBA,MG,645.3464163822525,Baixo Repasse
FORQUETINHA,RS,604.2368421052631,Baixo Repasse
CAMPINA DO MONTE ALEGRE,SP,638.1254752851711,Baixo Repasse
TIETE,SP,631.4948453608248,Baixo Repasse
GALILEIA,MG,694.778064516129,Alto Repasse
BARAO,RS,537.2758620689655,Baixo Repasse
SANTO ANTONIO DO ARACANGUA,SP,641.0846153846154,Baixo Repasse
SAO JOAO NEPOMUCENO,MG,645.3217737350767,Baixo Repasse
CARMO DO CAJURU,MG,645.6116941529235,Baixo Repasse
SAO LUIS DE MONTES BELOS,GO,650.2787761049053,Baixo Repasse
INDIANOPOLIS,PR,644.5539215686274,Baixo Repasse
SERRA DO RAMALHO,BA,706.1397179403083,Alto Repasse
SAO DOMINGOS DAS DORES,MG,621.5024549918166,Baixo Repasse
FLORESTA,PR,714.0739299610894,Alto Repasse
UNIAO DO SUL,MT,693.3103448275862,Alto Repasse
ALAGOA NOVA,PB,693.2311124330755,Alto Repasse
POCO FUNDO,MG,647.9169329073483,Baixo Repasse
RIBEIRAO CORRENTE,SP,693.3073593073593,Alto Repasse
TRAIPU,AL,689.1433946488295,Alto Repasse
MATINA,BA,646.0241071428571,Baixo Repasse
SAO VICENTE,SP,684.3131371847612,Alto Repasse
ROTEIRO,AL,685.1569674319273,Alto Repasse
BORBOREMA,PB,689.183908045977,Alto Repasse
ITIRAPUA,SP,685.1603773584906,Alto Repasse
LABREA,AM,699.9942349641633,Alto Repasse
BONFIM,MG,632.6541095890411,Baixo Repasse
CAMBUCI,RJ,636.4230349344978,Baixo Repasse
MONTE APRAZIVEL,SP,622.9370139968896,Baixo Repasse
PERDIGAO,MG,706.705035971223,Alto Repasse
SANTA ALBERTINA,SP,591.5978260869565,Baixo Repasse
JUARA,MT,716.4973958333334,Alto Repasse
NOVO PLANALTO,GO,642.0424028268551,Baixo Repasse
JURUENA,MT,696.3423035522067,Alto Repasse
VALENTIM GENTIL,SP,615.1739130434783,Baixo Repasse
ALTO PARNAIBA,MA,715.8571428571429,Alto Repasse
DOM VICOSO,MG,636.7574626865671,Baixo Repasse
PORTO,PI,723.6544167228591,Alto Repasse
RANCHARIA,SP,633.0459627329193,Baixo Repasse
BITURUNA,PR,649.7306955966816,Baixo Repasse
AMATURA,AM,801.417105796514,Alto Repasse
PIEN,PR,694.0725490196079,Alto Repasse
MARAGOGI,AL,696.6279579316389,Alto Repasse
PARICONHA,AL,688.7815554611135,Alto Repasse
GOIANINHA,RN,692.8363254837958,Alto Repasse
RIACHO DE SANTANA,RN,649.096011816839,Baixo Repasse
FELIXLANDIA,MG,650.6989399293286,Baixo Repasse
ITAIBA,PE,681.3606170313238,Alto Repasse
SANTAREM,PA,723.8941049589972,Alto Repasse
RIO AZUL,PR,609.8583333333333,Baixo Repasse
UNIAO DA SERRA,RS,646.9583333333334,Baixo Repasse
TRES FORQUILHAS,RS,687.5084745762712,Alto Repasse
FATIMA,BA,641.492997863755,Baixo Repasse
SAO LUDGERO,SC,634.0406976744187,Baixo Repasse
PAPAGAIOS,MG,686.5126324368379,Alto Repasse
BONFINOPOLIS,GO,688.6997518610422,Alto Repasse
ALTO PARAISO DE GOIAS,GO,708.3786057692307,Alto Repasse
RONDOLANDIA,MT,744.156,Alto Repasse
BOM JESUS DO TOCANTINS,PA,698.4907292954265,Alto Repasse
OLIVENCA,AL,687.7607338017174,Alto Repasse
SAO VENDELINO,RS,800.8888888888889,Alto Repasse
CARIDADE,CE,680.4271777003485,Alto Repasse
CAMPO REDONDO,RN,640.0691906005222,Baixo Repasse
CAMPINACU,GO,647.6886956521739,Baixo Repasse
FLEXEIRAS,AL,700.8566206336312,Alto Repasse
BILAC,SP,644.9873417721519,Baixo Repasse
MARACACUME,MA,717.2268689057421,Alto Repasse
PALESTINA,AL,698.0160984848485,Alto Repasse
CAREIRO DA VARZEA,AM,722.6805811808118,Alto Repasse
SANTA MARIA DE JETIBA,ES,682.9187969924812,Alto Repasse
XAMBIOA,TO,694.0129487934079,Alto Repasse
IBICOARA,BA,646.5417570498915,Baixo Repasse
CACHOEIRA,BA,649.12322147651,Baixo Repasse
TURVO,PR,636.1949494949495,Baixo Repasse
CHAPADA DOS GUIMARAES,MT,682.0853344768439,Alto Repasse
SANTA CRUZ DO PIAUI,PI,650.4064371257485,Baixo Repasse
IRACEMAPOLIS,SP,640.3277310924369,Baixo Repasse
ALAGOA GRANDE,PB,687.2038063562454,Alto Repasse
PASSA QUATRO,MG,641.1961722488038,Baixo Repasse
FLORIDA PAULISTA,SP,637.2783505154639,Baixo Repasse
FORTALEZA,CE,645.9944830436083,Baixo Repasse
AMELIA RODRIGUES,BA,633.3587570621469,Baixo Repasse
NOVA FATIMA,PR,648.3396226415094,Baixo Repasse
CLEMENTINA,SP,639.0975609756098,Baixo Repasse
IGUATEMI,MS,643.3678474114441,Baixo Repasse
CENTENARIO,TO,633.7459283387623,Baixo Repasse
SANTO ANTONIO DO AMPARO,MG,633.7747380675204,Baixo Repasse
TAPEJARA,RS,681.8966318234611,Alto Repasse
PASSO FUNDO,RS,695.6013652515429,Alto Repasse
BOSSOROCA,RS,681.0,Alto Repasse
RECREIO,MG,630.6323731138546,Baixo Repasse
SANTANA DO MARANHAO,MA,701.2483870967742,Alto Repasse
SAO FELIX,BA,636.0767857142857,Baixo Repasse
UNAI,MG,650.2728674203495,Baixo Repasse
NOVA PALMA,RS,632.7049180327868,Baixo Repasse
GROSSOS,RN,649.9578544061303,Baixo Repasse
QUARTEL GERAL,MG,604.1573033707865,Baixo Repasse
SAO FRANCISCO,MG,684.5178883071553,Alto Repasse
UNISTALDA,RS,641.5405405405405,Baixo Repasse
COELHO NETO,MA,683.073097290001,Alto Repasse
LAJEADO NOVO,MA,707.1534126487163,Alto Repasse
ITABERABA,BA,643.2967090501122,Baixo Repasse
CERQUILHO,SP,551.5832147937411,Baixo Repasse
JUSCIMEIRA,MT,684.309423347398,Alto Repasse
ILOPOLIS,RS,762.8513513513514,Alto Repasse
CORONEL MARTINS,SC,637.5138888888889,Baixo Repasse
